<?xml version='1.0' encoding='UTF-8'?>
<root version="v1.0">
    <CaseData>
        <Unit3 humeff="0" ntut="1" xCoord="53" ht="15.7967" cat="32" nu="3" insideMerged="F" idunit="81" ipinch="0" devg="0" ipinchr="0" devl="0" ua="0" ntua="1" mrate="0" icop="0" usp="3" lmtd="0" wetness="1" verticalFlip="1" horizontalFlip="1" ntu="0" ntum="1" iht="1" htr="0" yCoord="-161.5" eff="0" rotation="0">
            <StatePoint1 c="20" hr="0" ksub="9" tr="32" f="132.277" icfix="0" ndum="1" ipfix="0" fr="0" p="14.6926" iwfix="0" localInd="1" t="59" w="0" wr="0.1" iffix="1" otherEndUnit="1" pr="0.14504" otherEndLocalSP="1" cr="0" link="1" itfix="0"/>
            <StatePoint2 c="20" hr="0" ksub="9" tr="32" f="264.555" icfix="0" ndum="5" ipfix="0" fr="0" p="14.6926" iwfix="0" localInd="2" t="59" w="0" wr="0.1" iffix="0" otherEndUnit="2" pr="0.14504" otherEndLocalSP="1" cr="0" link="1" itfix="0"/>
            <StatePoint3 c="20" hr="0" ksub="9" tr="32" f="132.277" icfix="0" ipfix="0" ndum="9" fr="0" p="14.6926" iwfix="0" localInd="3" t="59" w="0" wr="0.1" iffix="1" pr="0.14504" cr="0" link="0" itfix="0"/>
        </Unit3>
        <Unit4 humeff="0" ntut="1" xCoord="-40" ht="15.7967" cat="32" nu="4" insideMerged="F" idunit="81" ipinch="0" devg="0" ipinchr="0" devl="0" ua="0" ntua="1" mrate="0" icop="0" usp="3" lmtd="0" wetness="1" verticalFlip="1" horizontalFlip="1" ntu="0" ntum="1" iht="1" htr="0" yCoord="156.5" eff="0" rotation="0">
            <StatePoint1 c="0.01" hr="0" ksub="10" tr="32" f="132.277" icfix="0" ndum="4" ipfix="0" fr="0" p="14.6926" iwfix="0" localInd="1" t="59" w="1" wr="0.1" iffix="1" otherEndUnit="1" pr="0.14504" otherEndLocalSP="4" cr="0" link="1" itfix="0"/>
            <StatePoint2 c="0.01" hr="0" ksub="10" tr="32" f="132.277" icfix="0" ndum="8" ipfix="0" fr="0" p="14.6926" iwfix="0" localInd="2" t="59" w="1" wr="0.1" iffix="0" otherEndUnit="2" pr="0.14504" otherEndLocalSP="4" cr="0" link="1" itfix="0"/>
            <StatePoint3 c="0.01" hr="0" ksub="10" tr="32" f="132.277" icfix="0" ipfix="0" ndum="10" fr="0" p="14.6926" iwfix="0" localInd="3" t="59" w="1" wr="0.1" iffix="1" pr="0.14504" cr="0" link="0" itfix="0"/>
        </Unit4>
        <globalData maxfev="500" spnumber="8" textCount="0" ftol="1e-05" tmax="212" tmin="32" xtol="1e-05" globalcount="2" fmax="1322.77" pmax="14.6926"/>
        <Unit1 humeff="0.970113" ntut="1" xCoord="-121" ht="0" cat="32" nu="1" insideMerged="F" idunit="161" ipinch="0" devg="0" ipinchr="0" devl="0" ua="0" ntua="1" icop="0" mrate="1.63346" usp="4" lmtd="0" wetness="1" verticalFlip="1" horizontalFlip="1" ntu="0" ntum="5" iht="1" htr="0" yCoord="-8" rotation="0" eff="0">
            <StatePoint1 c="20" hr="14.56" ksub="9" tr="59" f="264.555" icfix="0" ipfix="0" ndum="1" fr="264.555" iwfix="0" p="14.6926" localInd="1" t="59" w="0" wr="0" iffix="0" pr="14.69" cr="20" link="0" itfix="0"/>
            <StatePoint2 c="0.008" hr="15.12" ksub="10" tr="60.29" f="132.277" icfix="1" ipfix="0" ndum="2" fr="132.277" iwfix="0" p="14.6926" localInd="2" t="60.8" w="1" wr="1" iffix="0" pr="14.69" cr="0.0077" link="0" itfix="1"/>
            <StatePoint3 c="20" hr="25.65" ksub="9" tr="73.3" f="264.555" icfix="1" ipfix="0" ndum="3" fr="266.188" iwfix="0" p="14.6926" localInd="3" t="68" w="0" wr="0" iffix="1" pr="14.69" cr="19.8788" link="0" itfix="1"/>
            <StatePoint4 c="0.02" hr="37.2" ksub="10" tr="95" f="132.277" icfix="0" ipfix="0" ndum="4" fr="132.277" iwfix="0" p="14.6926" localInd="4" t="95" w="1" wr="1" iffix="0" pr="14.69" cr="0.02" link="0" itfix="0"/>
        </Unit1>
        <Unit2 humeff="0.969785" ntut="1" xCoord="121" ht="5" cat="32" nu="2" insideMerged="F" idunit="164" ipinch="0" devg="0" ipinchr="0" devl="0" ua="0" ntua="1" icop="0" mrate="1.63682" usp="4" lmtd="0" wetness="1" verticalFlip="1" horizontalFlip="1" ntu="0" ntum="1" iht="2" htr="0" yCoord="8" rotation="0" eff="0">
            <StatePoint1 c="20" hr="14.56" ksub="9" tr="59" f="264.555" icfix="0" ipfix="0" ndum="5" fr="264.555" iwfix="0" p="14.6926" localInd="1" t="59" w="0" wr="0" iffix="0" pr="14.69" cr="20" link="0" itfix="0"/>
            <StatePoint2 c="0.008" hr="15.08" ksub="10" tr="60.24" f="132.277" icfix="1" ipfix="0" ndum="6" fr="132.277" iwfix="0" p="14.6926" localInd="2" t="60.8" w="1" wr="1" iffix="0" pr="14.69" cr="0.0076" link="0" itfix="1"/>
            <StatePoint3 c="20" hr="25.46" ksub="9" tr="73.05" f="264.555" icfix="1" ipfix="0" ndum="7" fr="266.192" iwfix="0" p="14.6926" localInd="3" t="68" w="0" wr="0" iffix="1" pr="14.69" cr="19.877" link="0" itfix="1"/>
            <StatePoint4 c="0.02" hr="37.2" ksub="10" tr="95" f="132.277" icfix="0" ipfix="0" ndum="8" fr="132.277" iwfix="0" p="14.6926" localInd="4" t="95" w="1" wr="1" iffix="0" pr="14.69" cr="0.02" link="0" itfix="0"/>
        </Unit2>
    </CaseData>
    <TableData>
        <fdm runs="13">
            <header>Temperature
State Point#1
[℃];Mass flow rate
State Point#1
[kg/s];Concentration
State Point#1
[%];Temperature
State Point#4
[℃];Mass flow rate
State Point#4
[kg/s];Concentration
State Point#4
[%];NTUm
 component#1
[ ];Temperature
State Point#2
[℃];Concentration
State Point#2
[%];Water Evaporation Rate
component#1
[kg/s]</header>
            <inputEntries>Temperature,State Point#1,P1 1T;Mass flow rate,State Point#1,P1 1F;Concentration,State Point#1,P1 1C;Temperature,State Point#4,P1 4T;Mass flow rate,State Point#4,P1 4F;Concentration,State Point#4,P1 4C;NTUm, component#1,U1NM</inputEntries>
            <outputEntries>Temperature,State Point#2,P1 2T;Concentration,State Point#2,P1 2C;Water Evaporation Rate,component#1,U1ME</outputEntries>
            <Run No.="0">
                <Input No.="0" type="sp">
                    <index>1  1</index>
                    <parameter>T</parameter>
                    <value>65</value>
                </Input>
                <Input No.="1" type="sp">
                    <index>1  1</index>
                    <parameter>F</parameter>
                    <value>6.463</value>
                </Input>
                <Input No.="2" type="sp">
                    <index>1  1</index>
                    <parameter>C</parameter>
                    <value>34</value>
                </Input>
                <Input No.="3" type="sp">
                    <index>1  4</index>
                    <parameter>T</parameter>
                    <value>30.4</value>
                </Input>
                <Input No.="4" type="sp">
                    <index>1  4</index>
                    <parameter>F</parameter>
                    <value>0.833</value>
                </Input>
                <Input No.="5" type="sp">
                    <index>1  4</index>
                    <parameter>C</parameter>
                    <value>0.0183</value>
                </Input>
                <Input No.="6" type="unit">
                    <index>1</index>
                    <parameter>NM</parameter>
                    <value>4.15655</value>
                </Input>
                <Output No.="0" type="sp">
                    <index>1 2</index>
                    <parameter>T</parameter>
                    <value>50</value>
                </Output>
                <Output No.="1" type="sp">
                    <index>1 2</index>
                    <parameter>C</parameter>
                    <value>0.02</value>
                </Output>
                <Output No.="2" type="unit">
                    <index>1</index>
                    <parameter>ME</parameter>
                    <value>0.0014161</value>
                </Output>
            </Run>
            <Run No.="1">
                <Input No.="0" type="sp">
                    <index>1  1</index>
                    <parameter>T</parameter>
                    <value>65.1</value>
                </Input>
                <Input No.="1" type="sp">
                    <index>1  1</index>
                    <parameter>F</parameter>
                    <value>6.206</value>
                </Input>
                <Input No.="2" type="sp">
                    <index>1  1</index>
                    <parameter>C</parameter>
                    <value>34.1</value>
                </Input>
                <Input No.="3" type="sp">
                    <index>1  4</index>
                    <parameter>T</parameter>
                    <value>30.1</value>
                </Input>
                <Input No.="4" type="sp">
                    <index>1  4</index>
                    <parameter>F</parameter>
                    <value>1.098</value>
                </Input>
                <Input No.="5" type="sp">
                    <index>1  4</index>
                    <parameter>C</parameter>
                    <value>0.018</value>
                </Input>
                <Input No.="6" type="unit">
                    <index>1</index>
                    <parameter>NM</parameter>
                    <value>2.72529</value>
                </Input>
                <Output No.="0" type="sp">
                    <index>1 2</index>
                    <parameter>T</parameter>
                    <value>61.3444</value>
                </Output>
                <Output No.="1" type="sp">
                    <index>1 2</index>
                    <parameter>C</parameter>
                    <value>0.0529</value>
                </Output>
                <Output No.="2" type="unit">
                    <index>1</index>
                    <parameter>ME</parameter>
                    <value>0.0383716</value>
                </Output>
            </Run>
            <Run No.="2">
                <Input No.="0" type="sp">
                    <index>1  1</index>
                    <parameter>T</parameter>
                    <value>65.1</value>
                </Input>
                <Input No.="1" type="sp">
                    <index>1  1</index>
                    <parameter>F</parameter>
                    <value>6.479</value>
                </Input>
                <Input No.="2" type="sp">
                    <index>1  1</index>
                    <parameter>C</parameter>
                    <value>34.5</value>
                </Input>
                <Input No.="3" type="sp">
                    <index>1  4</index>
                    <parameter>T</parameter>
                    <value>29.8</value>
                </Input>
                <Input No.="4" type="sp">
                    <index>1  4</index>
                    <parameter>F</parameter>
                    <value>1.438</value>
                </Input>
                <Input No.="5" type="sp">
                    <index>1  4</index>
                    <parameter>C</parameter>
                    <value>0.0177</value>
                </Input>
                <Input No.="6" type="unit">
                    <index>1</index>
                    <parameter>NM</parameter>
                    <value>2.19825</value>
                </Input>
                <Output No.="0" type="sp">
                    <index>1 2</index>
                    <parameter>T</parameter>
                    <value>59.2</value>
                </Output>
                <Output No.="1" type="sp">
                    <index>1 2</index>
                    <parameter>C</parameter>
                    <value>0.0481</value>
                </Output>
                <Output No.="2" type="unit">
                    <index>1</index>
                    <parameter>ME</parameter>
                    <value>0.0437052</value>
                </Output>
            </Run>
            <Run No.="3">
                <Input No.="0" type="sp">
                    <index>1  1</index>
                    <parameter>T</parameter>
                    <value>65.1</value>
                </Input>
                <Input No.="1" type="sp">
                    <index>1  1</index>
                    <parameter>F</parameter>
                    <value>6.349</value>
                </Input>
                <Input No.="2" type="sp">
                    <index>1  1</index>
                    <parameter>C</parameter>
                    <value>33.4</value>
                </Input>
                <Input No.="3" type="sp">
                    <index>1  4</index>
                    <parameter>T</parameter>
                    <value>35.1</value>
                </Input>
                <Input No.="4" type="sp">
                    <index>1  4</index>
                    <parameter>F</parameter>
                    <value>1.097</value>
                </Input>
                <Input No.="5" type="sp">
                    <index>1  4</index>
                    <parameter>C</parameter>
                    <value>0.018</value>
                </Input>
                <Input No.="6" type="unit">
                    <index>1</index>
                    <parameter>NM</parameter>
                    <value>2.59615</value>
                </Input>
                <Output No.="0" type="sp">
                    <index>1 2</index>
                    <parameter>T</parameter>
                    <value>61.4056</value>
                </Output>
                <Output No.="1" type="sp">
                    <index>1 2</index>
                    <parameter>C</parameter>
                    <value>0.0551</value>
                </Output>
                <Output No.="2" type="unit">
                    <index>1</index>
                    <parameter>ME</parameter>
                    <value>0.0407427</value>
                </Output>
            </Run>
            <Run No.="4">
                <Input No.="0" type="sp">
                    <index>1  1</index>
                    <parameter>T</parameter>
                    <value>65</value>
                </Input>
                <Input No.="1" type="sp">
                    <index>1  1</index>
                    <parameter>F</parameter>
                    <value>6.354</value>
                </Input>
                <Input No.="2" type="sp">
                    <index>1  1</index>
                    <parameter>C</parameter>
                    <value>33.6</value>
                </Input>
                <Input No.="3" type="sp">
                    <index>1  4</index>
                    <parameter>T</parameter>
                    <value>40</value>
                </Input>
                <Input No.="4" type="sp">
                    <index>1  4</index>
                    <parameter>F</parameter>
                    <value>1.102</value>
                </Input>
                <Input No.="5" type="sp">
                    <index>1  4</index>
                    <parameter>C</parameter>
                    <value>0.0178</value>
                </Input>
                <Input No.="6" type="unit">
                    <index>1</index>
                    <parameter>NM</parameter>
                    <value>2.69582</value>
                </Input>
                <Output No.="0" type="sp">
                    <index>1 2</index>
                    <parameter>T</parameter>
                    <value>61.9667</value>
                </Output>
                <Output No.="1" type="sp">
                    <index>1 2</index>
                    <parameter>C</parameter>
                    <value>0.0547</value>
                </Output>
                <Output No.="2" type="unit">
                    <index>1</index>
                    <parameter>ME</parameter>
                    <value>0.0406368</value>
                </Output>
            </Run>
            <Run No.="5">
                <Input No.="0" type="sp">
                    <index>1  1</index>
                    <parameter>T</parameter>
                    <value>65.2</value>
                </Input>
                <Input No.="1" type="sp">
                    <index>1  1</index>
                    <parameter>F</parameter>
                    <value>6.37</value>
                </Input>
                <Input No.="2" type="sp">
                    <index>1  1</index>
                    <parameter>C</parameter>
                    <value>34</value>
                </Input>
                <Input No.="3" type="sp">
                    <index>1  4</index>
                    <parameter>T</parameter>
                    <value>30.2</value>
                </Input>
                <Input No.="4" type="sp">
                    <index>1  4</index>
                    <parameter>F</parameter>
                    <value>1.132</value>
                </Input>
                <Input No.="5" type="sp">
                    <index>1  4</index>
                    <parameter>C</parameter>
                    <value>0.0143</value>
                </Input>
                <Input No.="6" type="unit">
                    <index>1</index>
                    <parameter>NM</parameter>
                    <value>2.33746</value>
                </Input>
                <Output No.="0" type="sp">
                    <index>1 2</index>
                    <parameter>T</parameter>
                    <value>60.1667</value>
                </Output>
                <Output No.="1" type="sp">
                    <index>1 2</index>
                    <parameter>C</parameter>
                    <value>0.0512</value>
                </Output>
                <Output No.="2" type="unit">
                    <index>1</index>
                    <parameter>ME</parameter>
                    <value>0.0417706</value>
                </Output>
            </Run>
            <Run No.="6">
                <Input No.="0" type="sp">
                    <index>1  1</index>
                    <parameter>T</parameter>
                    <value>65.5</value>
                </Input>
                <Input No.="1" type="sp">
                    <index>1  1</index>
                    <parameter>F</parameter>
                    <value>6.44</value>
                </Input>
                <Input No.="2" type="sp">
                    <index>1  1</index>
                    <parameter>C</parameter>
                    <value>33.6</value>
                </Input>
                <Input No.="3" type="sp">
                    <index>1  4</index>
                    <parameter>T</parameter>
                    <value>29.4</value>
                </Input>
                <Input No.="4" type="sp">
                    <index>1  4</index>
                    <parameter>F</parameter>
                    <value>1.097</value>
                </Input>
                <Input No.="5" type="sp">
                    <index>1  4</index>
                    <parameter>C</parameter>
                    <value>0.021</value>
                </Input>
                <Input No.="6" type="unit">
                    <index>1</index>
                    <parameter>NM</parameter>
                    <value>2.24639</value>
                </Input>
                <Output No.="0" type="sp">
                    <index>1 2</index>
                    <parameter>T</parameter>
                    <value>60.1556</value>
                </Output>
                <Output No.="1" type="sp">
                    <index>1 2</index>
                    <parameter>C</parameter>
                    <value>0.0542</value>
                </Output>
                <Output No.="2" type="unit">
                    <index>1</index>
                    <parameter>ME</parameter>
                    <value>0.0364481</value>
                </Output>
            </Run>
            <Run No.="7">
                <Input No.="0" type="sp">
                    <index>1  1</index>
                    <parameter>T</parameter>
                    <value>65.4</value>
                </Input>
                <Input No.="1" type="sp">
                    <index>1  1</index>
                    <parameter>F</parameter>
                    <value>5.185</value>
                </Input>
                <Input No.="2" type="sp">
                    <index>1  1</index>
                    <parameter>C</parameter>
                    <value>34.4</value>
                </Input>
                <Input No.="3" type="sp">
                    <index>1  4</index>
                    <parameter>T</parameter>
                    <value>30.3</value>
                </Input>
                <Input No.="4" type="sp">
                    <index>1  4</index>
                    <parameter>F</parameter>
                    <value>1.116</value>
                </Input>
                <Input No.="5" type="sp">
                    <index>1  4</index>
                    <parameter>C</parameter>
                    <value>0.0182</value>
                </Input>
                <Input No.="6" type="unit">
                    <index>1</index>
                    <parameter>NM</parameter>
                    <value>2.39807</value>
                </Input>
                <Output No.="0" type="sp">
                    <index>1 2</index>
                    <parameter>T</parameter>
                    <value>60.2889</value>
                </Output>
                <Output No.="1" type="sp">
                    <index>1 2</index>
                    <parameter>C</parameter>
                    <value>0.0503</value>
                </Output>
                <Output No.="2" type="unit">
                    <index>1</index>
                    <parameter>ME</parameter>
                    <value>0.035784</value>
                </Output>
            </Run>
            <Run No.="8">
                <Input No.="0" type="sp">
                    <index>1  1</index>
                    <parameter>T</parameter>
                    <value>65.2</value>
                </Input>
                <Input No.="1" type="sp">
                    <index>1  1</index>
                    <parameter>F</parameter>
                    <value>7.541</value>
                </Input>
                <Input No.="2" type="sp">
                    <index>1  1</index>
                    <parameter>C</parameter>
                    <value>34.3</value>
                </Input>
                <Input No.="3" type="sp">
                    <index>1  4</index>
                    <parameter>T</parameter>
                    <value>29.9</value>
                </Input>
                <Input No.="4" type="sp">
                    <index>1  4</index>
                    <parameter>F</parameter>
                    <value>1.101</value>
                </Input>
                <Input No.="5" type="sp">
                    <index>1  4</index>
                    <parameter>C</parameter>
                    <value>0.018</value>
                </Input>
                <Input No.="6" type="unit">
                    <index>1</index>
                    <parameter>NM</parameter>
                    <value>3.59329</value>
                </Input>
                <Output No.="0" type="sp">
                    <index>1 2</index>
                    <parameter>T</parameter>
                    <value>63.35</value>
                </Output>
                <Output No.="1" type="sp">
                    <index>1 2</index>
                    <parameter>C</parameter>
                    <value>0.0558</value>
                </Output>
                <Output No.="2" type="unit">
                    <index>1</index>
                    <parameter>ME</parameter>
                    <value>0.0416036</value>
                </Output>
            </Run>
            <Run No.="9">
                <Input No.="0" type="sp">
                    <index>1  1</index>
                    <parameter>T</parameter>
                    <value>60.3</value>
                </Input>
                <Input No.="1" type="sp">
                    <index>1  1</index>
                    <parameter>F</parameter>
                    <value>6.245</value>
                </Input>
                <Input No.="2" type="sp">
                    <index>1  1</index>
                    <parameter>C</parameter>
                    <value>34.4</value>
                </Input>
                <Input No.="3" type="sp">
                    <index>1  4</index>
                    <parameter>T</parameter>
                    <value>30</value>
                </Input>
                <Input No.="4" type="sp">
                    <index>1  4</index>
                    <parameter>F</parameter>
                    <value>1.111</value>
                </Input>
                <Input No.="5" type="sp">
                    <index>1  4</index>
                    <parameter>C</parameter>
                    <value>0.0187</value>
                </Input>
                <Input No.="6" type="unit">
                    <index>1</index>
                    <parameter>NM</parameter>
                    <value>5.14603</value>
                </Input>
                <Output No.="0" type="sp">
                    <index>1 2</index>
                    <parameter>T</parameter>
                    <value>50</value>
                </Output>
                <Output No.="1" type="sp">
                    <index>1 2</index>
                    <parameter>C</parameter>
                    <value>0.02</value>
                </Output>
                <Output No.="2" type="unit">
                    <index>1</index>
                    <parameter>ME</parameter>
                    <value>0.0014443</value>
                </Output>
            </Run>
            <Run No.="10">
                <Input No.="0" type="sp">
                    <index>1  1</index>
                    <parameter>T</parameter>
                    <value>70</value>
                </Input>
                <Input No.="1" type="sp">
                    <index>1  1</index>
                    <parameter>F</parameter>
                    <value>6.315</value>
                </Input>
                <Input No.="2" type="sp">
                    <index>1  1</index>
                    <parameter>C</parameter>
                    <value>34.5</value>
                </Input>
                <Input No.="3" type="sp">
                    <index>1  4</index>
                    <parameter>T</parameter>
                    <value>29.7</value>
                </Input>
                <Input No.="4" type="sp">
                    <index>1  4</index>
                    <parameter>F</parameter>
                    <value>1.084</value>
                </Input>
                <Input No.="5" type="sp">
                    <index>1  4</index>
                    <parameter>C</parameter>
                    <value>0.0184</value>
                </Input>
                <Input No.="6" type="unit">
                    <index>1</index>
                    <parameter>NM</parameter>
                    <value>3.14248</value>
                </Input>
                <Output No.="0" type="sp">
                    <index>1 2</index>
                    <parameter>T</parameter>
                    <value>66.55</value>
                </Output>
                <Output No.="1" type="sp">
                    <index>1 2</index>
                    <parameter>C</parameter>
                    <value>0.0664</value>
                </Output>
                <Output No.="2" type="unit">
                    <index>1</index>
                    <parameter>ME</parameter>
                    <value>0.0520638</value>
                </Output>
            </Run>
            <Run No.="11">
                <Input No.="0" type="sp">
                    <index>1  1</index>
                    <parameter>T</parameter>
                    <value>64.8</value>
                </Input>
                <Input No.="1" type="sp">
                    <index>1  1</index>
                    <parameter>F</parameter>
                    <value>6.4</value>
                </Input>
                <Input No.="2" type="sp">
                    <index>1  1</index>
                    <parameter>C</parameter>
                    <value>32.8</value>
                </Input>
                <Input No.="3" type="sp">
                    <index>1  4</index>
                    <parameter>T</parameter>
                    <value>29.7</value>
                </Input>
                <Input No.="4" type="sp">
                    <index>1  4</index>
                    <parameter>F</parameter>
                    <value>1.099</value>
                </Input>
                <Input No.="5" type="sp">
                    <index>1  4</index>
                    <parameter>C</parameter>
                    <value>0.0177</value>
                </Input>
                <Input No.="6" type="unit">
                    <index>1</index>
                    <parameter>NM</parameter>
                    <value>2.21139</value>
                </Input>
                <Output No.="0" type="sp">
                    <index>1 2</index>
                    <parameter>T</parameter>
                    <value>59.3389</value>
                </Output>
                <Output No.="1" type="sp">
                    <index>1 2</index>
                    <parameter>C</parameter>
                    <value>0.0544</value>
                </Output>
                <Output No.="2" type="unit">
                    <index>1</index>
                    <parameter>ME</parameter>
                    <value>0.0403151</value>
                </Output>
            </Run>
            <Run No.="12">
                <Input No.="0" type="sp">
                    <index>1  1</index>
                    <parameter>T</parameter>
                    <value>65</value>
                </Input>
                <Input No.="1" type="sp">
                    <index>1  1</index>
                    <parameter>F</parameter>
                    <value>6.428</value>
                </Input>
                <Input No.="2" type="sp">
                    <index>1  1</index>
                    <parameter>C</parameter>
                    <value>34.9</value>
                </Input>
                <Input No.="3" type="sp">
                    <index>1  4</index>
                    <parameter>T</parameter>
                    <value>30.3</value>
                </Input>
                <Input No.="4" type="sp">
                    <index>1  4</index>
                    <parameter>F</parameter>
                    <value>1.116</value>
                </Input>
                <Input No.="5" type="sp">
                    <index>1  4</index>
                    <parameter>C</parameter>
                    <value>0.0182</value>
                </Input>
                <Input No.="6" type="unit">
                    <index>1</index>
                    <parameter>NM</parameter>
                    <value>2.77936</value>
                </Input>
                <Output No.="0" type="sp">
                    <index>1 2</index>
                    <parameter>T</parameter>
                    <value>61.5222</value>
                </Output>
                <Output No.="1" type="sp">
                    <index>1 2</index>
                    <parameter>C</parameter>
                    <value>0.0503</value>
                </Output>
                <Output No.="2" type="unit">
                    <index>1</index>
                    <parameter>ME</parameter>
                    <value>0.0357837</value>
                </Output>
            </Run>
        </fdm>
    </TableData>
    <PlotData/>
    <plotData/>
</root>
