<?xml version='1.0' encoding='UTF-8'?>
<root version="v1.0">
    <CaseData>
        <globalData textCount="0" tmax="212" tmin="32" maxfev="500" xtol="1e-05" fmax="1322.77" globalcount="1" pmax="14.6926" spnumber="4" ftol="1e-05"/>
        <Unit1 mrate="3.70093" cat="32" ntum="4.15" insideMerged="F" ua="0" yCoord="0" ntut="1" humeff="0.926042" xCoord="0" wetness="1" horizontalFlip="1" devg="0" usp="4" idunit="181" ipinch="0" devl="0" ntu="0" verticalFlip="1" ht="0" ntua="1" iht="1" icop="0" htr="0" nu="1" eff="0" rotation="0" lmtd="0" ipinchr="0">
            <StatePoint1 c="34.4" fr="826.072" f="826.072" iffix="0" link="0" localInd="1" wr="0" p="14.6926" ksub="9" itfix="0" pr="14.69" t="140.54" cr="34.4" ndum="1" w="0" icfix="0" ipfix="0" hr="82.71" tr="140.54" iwfix="0"/>
            <StatePoint2 c="0.05" fr="110.187" f="110.187" iffix="0" link="0" localInd="2" wr="1" p="14.6926" ksub="10" itfix="1" pr="14.69" t="140" cr="0.0439" ndum="2" w="1" icfix="1" ipfix="0" hr="74.85" tr="138.57" iwfix="0"/>
            <StatePoint3 c="35" fr="822.371" f="846.575" iffix="1" link="0" localInd="3" wr="0" p="14.6926" ksub="9" itfix="1" pr="14.69" t="131" cr="34.5557" ndum="3" w="0" icfix="1" ipfix="0" hr="75.83" tr="130.04" iwfix="0"/>
            <StatePoint4 c="0.0187" fr="146.96" f="146.96" iffix="0" link="0" localInd="4" wr="1" p="14.6926" ksub="10" itfix="0" pr="14.69" t="86" cr="0.0187" ndum="4" w="1" icfix="0" ipfix="0" hr="33.53" tr="86" iwfix="0"/>
        </Unit1>
    </CaseData>
    <TableData>
        <fdm runs="13">
            <header>Temperature
State Point#1
[℃];Mass flow rate
State Point#1
[kg/s];Concentration
State Point#1
[%];Temperature
State Point#4
[℃];Mass flow rate
State Point#4
[kg/s];Concentration
State Point#4
[%];NTUm
 component#1
[ ];Temperature
State Point#2
[℃];Concentration
State Point#2
[%];Water Evaporation Rate
component#1
[kg/s]</header>
            <inputEntries>Temperature,State Point#1,P1 1T;Mass flow rate,State Point#1,P1 1F;Concentration,State Point#1,P1 1C;Temperature,State Point#4,P1 4T;Mass flow rate,State Point#4,P1 4F;Concentration,State Point#4,P1 4C;NTUm, component#1,U1NM</inputEntries>
            <outputEntries>Temperature,State Point#2,P1 2T;Concentration,State Point#2,P1 2C;Water Evaporation Rate,component#1,U1ME</outputEntries>
            <Run No.="0">
                <Input type="sp" No.="0">
                    <index>1  1</index>
                    <parameter>T</parameter>
                    <value>65</value>
                </Input>
                <Input type="sp" No.="1">
                    <index>1  1</index>
                    <parameter>F</parameter>
                    <value>6.463</value>
                </Input>
                <Input type="sp" No.="2">
                    <index>1  1</index>
                    <parameter>C</parameter>
                    <value>34</value>
                </Input>
                <Input type="sp" No.="3">
                    <index>1  4</index>
                    <parameter>T</parameter>
                    <value>30.4</value>
                </Input>
                <Input type="sp" No.="4">
                    <index>1  4</index>
                    <parameter>F</parameter>
                    <value>0.833</value>
                </Input>
                <Input type="sp" No.="5">
                    <index>1  4</index>
                    <parameter>C</parameter>
                    <value>0.0183</value>
                </Input>
                <Input type="unit" No.="6">
                    <index>1</index>
                    <parameter>NM</parameter>
                    <value>4.15655</value>
                </Input>
                <Output type="sp" No.="0">
                    <index>1 2</index>
                    <parameter>T</parameter>
                    <value>50</value>
                </Output>
                <Output type="sp" No.="1">
                    <index>1 2</index>
                    <parameter>C</parameter>
                    <value>0.02</value>
                </Output>
                <Output type="unit" No.="2">
                    <index>1</index>
                    <parameter>ME</parameter>
                    <value>0.0014161</value>
                </Output>
            </Run>
            <Run No.="1">
                <Input type="sp" No.="0">
                    <index>1  1</index>
                    <parameter>T</parameter>
                    <value>65.1</value>
                </Input>
                <Input type="sp" No.="1">
                    <index>1  1</index>
                    <parameter>F</parameter>
                    <value>6.206</value>
                </Input>
                <Input type="sp" No.="2">
                    <index>1  1</index>
                    <parameter>C</parameter>
                    <value>34.1</value>
                </Input>
                <Input type="sp" No.="3">
                    <index>1  4</index>
                    <parameter>T</parameter>
                    <value>30.1</value>
                </Input>
                <Input type="sp" No.="4">
                    <index>1  4</index>
                    <parameter>F</parameter>
                    <value>1.098</value>
                </Input>
                <Input type="sp" No.="5">
                    <index>1  4</index>
                    <parameter>C</parameter>
                    <value>0.018</value>
                </Input>
                <Input type="unit" No.="6">
                    <index>1</index>
                    <parameter>NM</parameter>
                    <value>2.72529</value>
                </Input>
                <Output type="sp" No.="0">
                    <index>1 2</index>
                    <parameter>T</parameter>
                    <value>61.3444</value>
                </Output>
                <Output type="sp" No.="1">
                    <index>1 2</index>
                    <parameter>C</parameter>
                    <value>0.0529</value>
                </Output>
                <Output type="unit" No.="2">
                    <index>1</index>
                    <parameter>ME</parameter>
                    <value>0.0383716</value>
                </Output>
            </Run>
            <Run No.="2">
                <Input type="sp" No.="0">
                    <index>1  1</index>
                    <parameter>T</parameter>
                    <value>65.1</value>
                </Input>
                <Input type="sp" No.="1">
                    <index>1  1</index>
                    <parameter>F</parameter>
                    <value>6.479</value>
                </Input>
                <Input type="sp" No.="2">
                    <index>1  1</index>
                    <parameter>C</parameter>
                    <value>34.5</value>
                </Input>
                <Input type="sp" No.="3">
                    <index>1  4</index>
                    <parameter>T</parameter>
                    <value>29.8</value>
                </Input>
                <Input type="sp" No.="4">
                    <index>1  4</index>
                    <parameter>F</parameter>
                    <value>1.438</value>
                </Input>
                <Input type="sp" No.="5">
                    <index>1  4</index>
                    <parameter>C</parameter>
                    <value>0.0177</value>
                </Input>
                <Input type="unit" No.="6">
                    <index>1</index>
                    <parameter>NM</parameter>
                    <value>2.19825</value>
                </Input>
                <Output type="sp" No.="0">
                    <index>1 2</index>
                    <parameter>T</parameter>
                    <value>59.2</value>
                </Output>
                <Output type="sp" No.="1">
                    <index>1 2</index>
                    <parameter>C</parameter>
                    <value>0.0481</value>
                </Output>
                <Output type="unit" No.="2">
                    <index>1</index>
                    <parameter>ME</parameter>
                    <value>0.0437052</value>
                </Output>
            </Run>
            <Run No.="3">
                <Input type="sp" No.="0">
                    <index>1  1</index>
                    <parameter>T</parameter>
                    <value>65.1</value>
                </Input>
                <Input type="sp" No.="1">
                    <index>1  1</index>
                    <parameter>F</parameter>
                    <value>6.349</value>
                </Input>
                <Input type="sp" No.="2">
                    <index>1  1</index>
                    <parameter>C</parameter>
                    <value>33.4</value>
                </Input>
                <Input type="sp" No.="3">
                    <index>1  4</index>
                    <parameter>T</parameter>
                    <value>35.1</value>
                </Input>
                <Input type="sp" No.="4">
                    <index>1  4</index>
                    <parameter>F</parameter>
                    <value>1.097</value>
                </Input>
                <Input type="sp" No.="5">
                    <index>1  4</index>
                    <parameter>C</parameter>
                    <value>0.018</value>
                </Input>
                <Input type="unit" No.="6">
                    <index>1</index>
                    <parameter>NM</parameter>
                    <value>2.59615</value>
                </Input>
                <Output type="sp" No.="0">
                    <index>1 2</index>
                    <parameter>T</parameter>
                    <value>61.4056</value>
                </Output>
                <Output type="sp" No.="1">
                    <index>1 2</index>
                    <parameter>C</parameter>
                    <value>0.0551</value>
                </Output>
                <Output type="unit" No.="2">
                    <index>1</index>
                    <parameter>ME</parameter>
                    <value>0.0407427</value>
                </Output>
            </Run>
            <Run No.="4">
                <Input type="sp" No.="0">
                    <index>1  1</index>
                    <parameter>T</parameter>
                    <value>65</value>
                </Input>
                <Input type="sp" No.="1">
                    <index>1  1</index>
                    <parameter>F</parameter>
                    <value>6.354</value>
                </Input>
                <Input type="sp" No.="2">
                    <index>1  1</index>
                    <parameter>C</parameter>
                    <value>33.6</value>
                </Input>
                <Input type="sp" No.="3">
                    <index>1  4</index>
                    <parameter>T</parameter>
                    <value>40</value>
                </Input>
                <Input type="sp" No.="4">
                    <index>1  4</index>
                    <parameter>F</parameter>
                    <value>1.102</value>
                </Input>
                <Input type="sp" No.="5">
                    <index>1  4</index>
                    <parameter>C</parameter>
                    <value>0.0178</value>
                </Input>
                <Input type="unit" No.="6">
                    <index>1</index>
                    <parameter>NM</parameter>
                    <value>2.69582</value>
                </Input>
                <Output type="sp" No.="0">
                    <index>1 2</index>
                    <parameter>T</parameter>
                    <value>61.9667</value>
                </Output>
                <Output type="sp" No.="1">
                    <index>1 2</index>
                    <parameter>C</parameter>
                    <value>0.0547</value>
                </Output>
                <Output type="unit" No.="2">
                    <index>1</index>
                    <parameter>ME</parameter>
                    <value>0.0406368</value>
                </Output>
            </Run>
            <Run No.="5">
                <Input type="sp" No.="0">
                    <index>1  1</index>
                    <parameter>T</parameter>
                    <value>65.2</value>
                </Input>
                <Input type="sp" No.="1">
                    <index>1  1</index>
                    <parameter>F</parameter>
                    <value>6.37</value>
                </Input>
                <Input type="sp" No.="2">
                    <index>1  1</index>
                    <parameter>C</parameter>
                    <value>34</value>
                </Input>
                <Input type="sp" No.="3">
                    <index>1  4</index>
                    <parameter>T</parameter>
                    <value>30.2</value>
                </Input>
                <Input type="sp" No.="4">
                    <index>1  4</index>
                    <parameter>F</parameter>
                    <value>1.132</value>
                </Input>
                <Input type="sp" No.="5">
                    <index>1  4</index>
                    <parameter>C</parameter>
                    <value>0.0143</value>
                </Input>
                <Input type="unit" No.="6">
                    <index>1</index>
                    <parameter>NM</parameter>
                    <value>2.33746</value>
                </Input>
                <Output type="sp" No.="0">
                    <index>1 2</index>
                    <parameter>T</parameter>
                    <value>60.1667</value>
                </Output>
                <Output type="sp" No.="1">
                    <index>1 2</index>
                    <parameter>C</parameter>
                    <value>0.0512</value>
                </Output>
                <Output type="unit" No.="2">
                    <index>1</index>
                    <parameter>ME</parameter>
                    <value>0.0417706</value>
                </Output>
            </Run>
            <Run No.="6">
                <Input type="sp" No.="0">
                    <index>1  1</index>
                    <parameter>T</parameter>
                    <value>65.5</value>
                </Input>
                <Input type="sp" No.="1">
                    <index>1  1</index>
                    <parameter>F</parameter>
                    <value>6.44</value>
                </Input>
                <Input type="sp" No.="2">
                    <index>1  1</index>
                    <parameter>C</parameter>
                    <value>33.6</value>
                </Input>
                <Input type="sp" No.="3">
                    <index>1  4</index>
                    <parameter>T</parameter>
                    <value>29.4</value>
                </Input>
                <Input type="sp" No.="4">
                    <index>1  4</index>
                    <parameter>F</parameter>
                    <value>1.097</value>
                </Input>
                <Input type="sp" No.="5">
                    <index>1  4</index>
                    <parameter>C</parameter>
                    <value>0.021</value>
                </Input>
                <Input type="unit" No.="6">
                    <index>1</index>
                    <parameter>NM</parameter>
                    <value>2.24639</value>
                </Input>
                <Output type="sp" No.="0">
                    <index>1 2</index>
                    <parameter>T</parameter>
                    <value>60.1556</value>
                </Output>
                <Output type="sp" No.="1">
                    <index>1 2</index>
                    <parameter>C</parameter>
                    <value>0.0542</value>
                </Output>
                <Output type="unit" No.="2">
                    <index>1</index>
                    <parameter>ME</parameter>
                    <value>0.0364481</value>
                </Output>
            </Run>
            <Run No.="7">
                <Input type="sp" No.="0">
                    <index>1  1</index>
                    <parameter>T</parameter>
                    <value>65.4</value>
                </Input>
                <Input type="sp" No.="1">
                    <index>1  1</index>
                    <parameter>F</parameter>
                    <value>5.185</value>
                </Input>
                <Input type="sp" No.="2">
                    <index>1  1</index>
                    <parameter>C</parameter>
                    <value>34.4</value>
                </Input>
                <Input type="sp" No.="3">
                    <index>1  4</index>
                    <parameter>T</parameter>
                    <value>30.3</value>
                </Input>
                <Input type="sp" No.="4">
                    <index>1  4</index>
                    <parameter>F</parameter>
                    <value>1.116</value>
                </Input>
                <Input type="sp" No.="5">
                    <index>1  4</index>
                    <parameter>C</parameter>
                    <value>0.0182</value>
                </Input>
                <Input type="unit" No.="6">
                    <index>1</index>
                    <parameter>NM</parameter>
                    <value>2.39807</value>
                </Input>
                <Output type="sp" No.="0">
                    <index>1 2</index>
                    <parameter>T</parameter>
                    <value>60.2889</value>
                </Output>
                <Output type="sp" No.="1">
                    <index>1 2</index>
                    <parameter>C</parameter>
                    <value>0.0503</value>
                </Output>
                <Output type="unit" No.="2">
                    <index>1</index>
                    <parameter>ME</parameter>
                    <value>0.035784</value>
                </Output>
            </Run>
            <Run No.="8">
                <Input type="sp" No.="0">
                    <index>1  1</index>
                    <parameter>T</parameter>
                    <value>65.2</value>
                </Input>
                <Input type="sp" No.="1">
                    <index>1  1</index>
                    <parameter>F</parameter>
                    <value>7.541</value>
                </Input>
                <Input type="sp" No.="2">
                    <index>1  1</index>
                    <parameter>C</parameter>
                    <value>34.3</value>
                </Input>
                <Input type="sp" No.="3">
                    <index>1  4</index>
                    <parameter>T</parameter>
                    <value>29.9</value>
                </Input>
                <Input type="sp" No.="4">
                    <index>1  4</index>
                    <parameter>F</parameter>
                    <value>1.101</value>
                </Input>
                <Input type="sp" No.="5">
                    <index>1  4</index>
                    <parameter>C</parameter>
                    <value>0.018</value>
                </Input>
                <Input type="unit" No.="6">
                    <index>1</index>
                    <parameter>NM</parameter>
                    <value>3.59329</value>
                </Input>
                <Output type="sp" No.="0">
                    <index>1 2</index>
                    <parameter>T</parameter>
                    <value>63.35</value>
                </Output>
                <Output type="sp" No.="1">
                    <index>1 2</index>
                    <parameter>C</parameter>
                    <value>0.0558</value>
                </Output>
                <Output type="unit" No.="2">
                    <index>1</index>
                    <parameter>ME</parameter>
                    <value>0.0416036</value>
                </Output>
            </Run>
            <Run No.="9">
                <Input type="sp" No.="0">
                    <index>1  1</index>
                    <parameter>T</parameter>
                    <value>60.3</value>
                </Input>
                <Input type="sp" No.="1">
                    <index>1  1</index>
                    <parameter>F</parameter>
                    <value>6.245</value>
                </Input>
                <Input type="sp" No.="2">
                    <index>1  1</index>
                    <parameter>C</parameter>
                    <value>34.4</value>
                </Input>
                <Input type="sp" No.="3">
                    <index>1  4</index>
                    <parameter>T</parameter>
                    <value>30</value>
                </Input>
                <Input type="sp" No.="4">
                    <index>1  4</index>
                    <parameter>F</parameter>
                    <value>1.111</value>
                </Input>
                <Input type="sp" No.="5">
                    <index>1  4</index>
                    <parameter>C</parameter>
                    <value>0.0187</value>
                </Input>
                <Input type="unit" No.="6">
                    <index>1</index>
                    <parameter>NM</parameter>
                    <value>5.14603</value>
                </Input>
                <Output type="sp" No.="0">
                    <index>1 2</index>
                    <parameter>T</parameter>
                    <value>50</value>
                </Output>
                <Output type="sp" No.="1">
                    <index>1 2</index>
                    <parameter>C</parameter>
                    <value>0.02</value>
                </Output>
                <Output type="unit" No.="2">
                    <index>1</index>
                    <parameter>ME</parameter>
                    <value>0.0014443</value>
                </Output>
            </Run>
            <Run No.="10">
                <Input type="sp" No.="0">
                    <index>1  1</index>
                    <parameter>T</parameter>
                    <value>70</value>
                </Input>
                <Input type="sp" No.="1">
                    <index>1  1</index>
                    <parameter>F</parameter>
                    <value>6.315</value>
                </Input>
                <Input type="sp" No.="2">
                    <index>1  1</index>
                    <parameter>C</parameter>
                    <value>34.5</value>
                </Input>
                <Input type="sp" No.="3">
                    <index>1  4</index>
                    <parameter>T</parameter>
                    <value>29.7</value>
                </Input>
                <Input type="sp" No.="4">
                    <index>1  4</index>
                    <parameter>F</parameter>
                    <value>1.084</value>
                </Input>
                <Input type="sp" No.="5">
                    <index>1  4</index>
                    <parameter>C</parameter>
                    <value>0.0184</value>
                </Input>
                <Input type="unit" No.="6">
                    <index>1</index>
                    <parameter>NM</parameter>
                    <value>3.14248</value>
                </Input>
                <Output type="sp" No.="0">
                    <index>1 2</index>
                    <parameter>T</parameter>
                    <value>66.55</value>
                </Output>
                <Output type="sp" No.="1">
                    <index>1 2</index>
                    <parameter>C</parameter>
                    <value>0.0664</value>
                </Output>
                <Output type="unit" No.="2">
                    <index>1</index>
                    <parameter>ME</parameter>
                    <value>0.0520638</value>
                </Output>
            </Run>
            <Run No.="11">
                <Input type="sp" No.="0">
                    <index>1  1</index>
                    <parameter>T</parameter>
                    <value>64.8</value>
                </Input>
                <Input type="sp" No.="1">
                    <index>1  1</index>
                    <parameter>F</parameter>
                    <value>6.4</value>
                </Input>
                <Input type="sp" No.="2">
                    <index>1  1</index>
                    <parameter>C</parameter>
                    <value>32.8</value>
                </Input>
                <Input type="sp" No.="3">
                    <index>1  4</index>
                    <parameter>T</parameter>
                    <value>29.7</value>
                </Input>
                <Input type="sp" No.="4">
                    <index>1  4</index>
                    <parameter>F</parameter>
                    <value>1.099</value>
                </Input>
                <Input type="sp" No.="5">
                    <index>1  4</index>
                    <parameter>C</parameter>
                    <value>0.0177</value>
                </Input>
                <Input type="unit" No.="6">
                    <index>1</index>
                    <parameter>NM</parameter>
                    <value>2.21139</value>
                </Input>
                <Output type="sp" No.="0">
                    <index>1 2</index>
                    <parameter>T</parameter>
                    <value>59.3389</value>
                </Output>
                <Output type="sp" No.="1">
                    <index>1 2</index>
                    <parameter>C</parameter>
                    <value>0.0544</value>
                </Output>
                <Output type="unit" No.="2">
                    <index>1</index>
                    <parameter>ME</parameter>
                    <value>0.0403151</value>
                </Output>
            </Run>
            <Run No.="12">
                <Input type="sp" No.="0">
                    <index>1  1</index>
                    <parameter>T</parameter>
                    <value>65</value>
                </Input>
                <Input type="sp" No.="1">
                    <index>1  1</index>
                    <parameter>F</parameter>
                    <value>6.428</value>
                </Input>
                <Input type="sp" No.="2">
                    <index>1  1</index>
                    <parameter>C</parameter>
                    <value>34.9</value>
                </Input>
                <Input type="sp" No.="3">
                    <index>1  4</index>
                    <parameter>T</parameter>
                    <value>30.3</value>
                </Input>
                <Input type="sp" No.="4">
                    <index>1  4</index>
                    <parameter>F</parameter>
                    <value>1.116</value>
                </Input>
                <Input type="sp" No.="5">
                    <index>1  4</index>
                    <parameter>C</parameter>
                    <value>0.0182</value>
                </Input>
                <Input type="unit" No.="6">
                    <index>1</index>
                    <parameter>NM</parameter>
                    <value>2.77936</value>
                </Input>
                <Output type="sp" No.="0">
                    <index>1 2</index>
                    <parameter>T</parameter>
                    <value>61.5222</value>
                </Output>
                <Output type="sp" No.="1">
                    <index>1 2</index>
                    <parameter>C</parameter>
                    <value>0.0503</value>
                </Output>
                <Output type="unit" No.="2">
                    <index>1</index>
                    <parameter>ME</parameter>
                    <value>0.0357837</value>
                </Output>
            </Run>
        </fdm>
    </TableData>
    <PlotData/>
    <plotData/>
</root>
