<?xml version='1.0' encoding='UTF-8'?>
<root version="v1.0">
    <CaseData>
        <globalData textCount="0" tmax="212" tmin="32" maxfev="500" xtol="1e-05" fmax="1322.77" globalcount="1" pmax="14.504" spnumber="4" ftol="1e-05"/>
        <Unit1 mrate="0" cat="32" ntum="1" insideMerged="F" ua="0" yCoord="0" ntut="1" humeff="0" xCoord="0" wetness="1" horizontalFlip="1" devg="0" usp="4" idunit="161" ipinch="0" devl="0" ntu="0" verticalFlip="1" ht="0" ntua="1" iht="1" icop="0" htr="0" nu="1" eff="0" rotation="0" lmtd="0" ipinchr="0">
            <StatePoint1 c="34" fr="0" f="132.277" iffix="0" link="0" localInd="1" wr="0.1" p="14.6926" ksub="9" itfix="0" pr="0.14504" t="86" cr="0" ndum="1" w="0" icfix="0" ipfix="0" hr="0" tr="32" iwfix="0"/>
            <StatePoint2 c="0.01" fr="0" f="132.277" iffix="0" link="0" localInd="2" wr="0.1" p="14.6926" ksub="10" itfix="1" pr="0.14504" t="87.8" cr="0" ndum="2" w="1" icfix="1" ipfix="0" hr="0" tr="32" iwfix="0"/>
            <StatePoint3 c="33" fr="0" f="132.277" iffix="1" link="0" localInd="3" wr="0.1" p="14.6926" ksub="9" itfix="1" pr="0.14504" t="89.6" cr="0" ndum="3" w="0" icfix="1" ipfix="0" hr="0" tr="32" iwfix="0"/>
            <StatePoint4 c="0.02" fr="0" f="132.277" iffix="0" link="0" localInd="4" wr="0.1" p="14.6926" ksub="10" itfix="0" pr="0.14504" t="86" cr="0" ndum="4" w="1" icfix="0" ipfix="0" hr="0" tr="32" iwfix="0"/>
        </Unit1>
    </CaseData>
    <TableData>
        <fdm runs="14">
            <header>Temperature
State Point#1
[℃];Mass flow rate
State Point#1
[kg/s];Concentration
State Point#1
[%];Temperature
State Point#4
[℃];Mass flow rate
State Point#4
[kg/s];Concentration
State Point#4
[%];NTUm
 component#1
[ ];Temperature
State Point#2
[℃];Concentration
State Point#2
[%];Temperature
State Point#3
[℃];Moisture Removal Rate
component#1
[kg/s]</header>
            <inputEntries>Temperature,State Point#1,P1 1T;Mass flow rate,State Point#1,P1 1F;Concentration,State Point#1,P1 1C;Temperature,State Point#4,P1 4T;Mass flow rate,State Point#4,P1 4F;Concentration,State Point#4,P1 4C;NTUm, component#1,U1NM</inputEntries>
            <outputEntries>Temperature,State Point#2,P1 2T;Concentration,State Point#2,P1 2C;Temperature,State Point#3,P1 3T;Moisture Removal Rate,component#1,U1MR</outputEntries>
            <Run No.="0">
                <Input type="sp" No.="0">
                    <index>1  1</index>
                    <parameter>T</parameter>
                    <value>30.1</value>
                </Input>
                <Input type="sp" No.="1">
                    <index>1  1</index>
                    <parameter>F</parameter>
                    <value>6.124</value>
                </Input>
                <Input type="sp" No.="2">
                    <index>1  1</index>
                    <parameter>C</parameter>
                    <value>34.6</value>
                </Input>
                <Input type="sp" No.="3">
                    <index>1  4</index>
                    <parameter>T</parameter>
                    <value>30.1</value>
                </Input>
                <Input type="sp" No.="4">
                    <index>1  4</index>
                    <parameter>F</parameter>
                    <value>0.89</value>
                </Input>
                <Input type="sp" No.="5">
                    <index>1  4</index>
                    <parameter>C</parameter>
                    <value>0.018</value>
                </Input>
                <Input type="unit" No.="6">
                    <index>1</index>
                    <parameter>NM</parameter>
                    <value>1.53598</value>
                </Input>
                <Output type="sp" No.="0">
                    <index>1 2</index>
                    <parameter>T</parameter>
                    <value>30.3167</value>
                </Output>
                <Output type="sp" No.="1">
                    <index>1 2</index>
                    <parameter>C</parameter>
                    <value>0.0105</value>
                </Output>
                <Output type="sp" No.="2">
                    <index>1 3</index>
                    <parameter>T</parameter>
                    <value>31.0722</value>
                </Output>
                <Output type="unit" No.="3">
                    <index>1</index>
                    <parameter>MR</parameter>
                    <value>0.00669433</value>
                </Output>
            </Run>
            <Run No.="1">
                <Input type="sp" No.="0">
                    <index>1  1</index>
                    <parameter>T</parameter>
                    <value>30.3</value>
                </Input>
                <Input type="sp" No.="1">
                    <index>1  1</index>
                    <parameter>F</parameter>
                    <value>6.227</value>
                </Input>
                <Input type="sp" No.="2">
                    <index>1  1</index>
                    <parameter>C</parameter>
                    <value>34.7</value>
                </Input>
                <Input type="sp" No.="3">
                    <index>1  4</index>
                    <parameter>T</parameter>
                    <value>30.1</value>
                </Input>
                <Input type="sp" No.="4">
                    <index>1  4</index>
                    <parameter>F</parameter>
                    <value>1.18</value>
                </Input>
                <Input type="sp" No.="5">
                    <index>1  4</index>
                    <parameter>C</parameter>
                    <value>0.0181</value>
                </Input>
                <Input type="unit" No.="6">
                    <index>1</index>
                    <parameter>NM</parameter>
                    <value>1.42249</value>
                </Input>
                <Output type="sp" No.="0">
                    <index>1 2</index>
                    <parameter>T</parameter>
                    <value>30.5278</value>
                </Output>
                <Output type="sp" No.="1">
                    <index>1 2</index>
                    <parameter>C</parameter>
                    <value>0.0108</value>
                </Output>
                <Output type="sp" No.="2">
                    <index>1 3</index>
                    <parameter>T</parameter>
                    <value>31.5111</value>
                </Output>
                <Output type="unit" No.="3">
                    <index>1</index>
                    <parameter>MR</parameter>
                    <value>0.00859278</value>
                </Output>
            </Run>
            <Run No.="2">
                <Input type="sp" No.="0">
                    <index>1  1</index>
                    <parameter>T</parameter>
                    <value>30</value>
                </Input>
                <Input type="sp" No.="1">
                    <index>1  1</index>
                    <parameter>F</parameter>
                    <value>6.113</value>
                </Input>
                <Input type="sp" No.="2">
                    <index>1  1</index>
                    <parameter>C</parameter>
                    <value>34.3</value>
                </Input>
                <Input type="sp" No.="3">
                    <index>1  4</index>
                    <parameter>T</parameter>
                    <value>30.2</value>
                </Input>
                <Input type="sp" No.="4">
                    <index>1  4</index>
                    <parameter>F</parameter>
                    <value>1.513</value>
                </Input>
                <Input type="sp" No.="5">
                    <index>1  4</index>
                    <parameter>C</parameter>
                    <value>0.0181</value>
                </Input>
                <Input type="unit" No.="6">
                    <index>1</index>
                    <parameter>NM</parameter>
                    <value>1.51593</value>
                </Input>
                <Output type="sp" No.="0">
                    <index>1 2</index>
                    <parameter>T</parameter>
                    <value>30.4111</value>
                </Output>
                <Output type="sp" No.="1">
                    <index>1 2</index>
                    <parameter>C</parameter>
                    <value>0.0107</value>
                </Output>
                <Output type="sp" No.="2">
                    <index>1 3</index>
                    <parameter>T</parameter>
                    <value>31.6111</value>
                </Output>
                <Output type="unit" No.="3">
                    <index>1</index>
                    <parameter>MR</parameter>
                    <value>0.0111354</value>
                </Output>
            </Run>
            <Run No.="3">
                <Input type="sp" No.="0">
                    <index>1  1</index>
                    <parameter>T</parameter>
                    <value>30.3</value>
                </Input>
                <Input type="sp" No.="1">
                    <index>1  1</index>
                    <parameter>F</parameter>
                    <value>6.29</value>
                </Input>
                <Input type="sp" No.="2">
                    <index>1  1</index>
                    <parameter>C</parameter>
                    <value>34.5</value>
                </Input>
                <Input type="sp" No.="3">
                    <index>1  4</index>
                    <parameter>T</parameter>
                    <value>35.5</value>
                </Input>
                <Input type="sp" No.="4">
                    <index>1  4</index>
                    <parameter>F</parameter>
                    <value>1.189</value>
                </Input>
                <Input type="sp" No.="5">
                    <index>1  4</index>
                    <parameter>C</parameter>
                    <value>0.0188</value>
                </Input>
                <Input type="unit" No.="6">
                    <index>1</index>
                    <parameter>NM</parameter>
                    <value>1.44422</value>
                </Input>
                <Output type="sp" No.="0">
                    <index>1 2</index>
                    <parameter>T</parameter>
                    <value>31.9556</value>
                </Output>
                <Output type="sp" No.="1">
                    <index>1 2</index>
                    <parameter>C</parameter>
                    <value>0.0111</value>
                </Output>
                <Output type="sp" No.="2">
                    <index>1 3</index>
                    <parameter>T</parameter>
                    <value>31.8556</value>
                </Output>
                <Output type="unit" No.="3">
                    <index>1</index>
                    <parameter>MR</parameter>
                    <value>0.00917801</value>
                </Output>
            </Run>
            <Run No.="4">
                <Input type="sp" No.="0">
                    <index>1  1</index>
                    <parameter>T</parameter>
                    <value>30.5</value>
                </Input>
                <Input type="sp" No.="1">
                    <index>1  1</index>
                    <parameter>F</parameter>
                    <value>6.287</value>
                </Input>
                <Input type="sp" No.="2">
                    <index>1  1</index>
                    <parameter>C</parameter>
                    <value>34.4</value>
                </Input>
                <Input type="sp" No.="3">
                    <index>1  4</index>
                    <parameter>T</parameter>
                    <value>40.1</value>
                </Input>
                <Input type="sp" No.="4">
                    <index>1  4</index>
                    <parameter>F</parameter>
                    <value>1.183</value>
                </Input>
                <Input type="sp" No.="5">
                    <index>1  4</index>
                    <parameter>C</parameter>
                    <value>0.018</value>
                </Input>
                <Input type="unit" No.="6">
                    <index>1</index>
                    <parameter>NM</parameter>
                    <value>1.25744</value>
                </Input>
                <Output type="sp" No.="0">
                    <index>1 2</index>
                    <parameter>T</parameter>
                    <value>33.7278</value>
                </Output>
                <Output type="sp" No.="1">
                    <index>1 2</index>
                    <parameter>C</parameter>
                    <value>0.0115</value>
                </Output>
                <Output type="sp" No.="2">
                    <index>1 3</index>
                    <parameter>T</parameter>
                    <value>32.0389</value>
                </Output>
                <Output type="unit" No.="3">
                    <index>1</index>
                    <parameter>MR</parameter>
                    <value>0.00771997</value>
                </Output>
            </Run>
            <Run No.="5">
                <Input type="sp" No.="0">
                    <index>1  1</index>
                    <parameter>T</parameter>
                    <value>30.1</value>
                </Input>
                <Input type="sp" No.="1">
                    <index>1  1</index>
                    <parameter>F</parameter>
                    <value>6.273</value>
                </Input>
                <Input type="sp" No.="2">
                    <index>1  1</index>
                    <parameter>C</parameter>
                    <value>33.9</value>
                </Input>
                <Input type="sp" No.="3">
                    <index>1  4</index>
                    <parameter>T</parameter>
                    <value>30.3</value>
                </Input>
                <Input type="sp" No.="4">
                    <index>1  4</index>
                    <parameter>F</parameter>
                    <value>1.214</value>
                </Input>
                <Input type="sp" No.="5">
                    <index>1  4</index>
                    <parameter>C</parameter>
                    <value>0.0142</value>
                </Input>
                <Input type="unit" No.="6">
                    <index>1</index>
                    <parameter>NM</parameter>
                    <value>1.21039</value>
                </Input>
                <Output type="sp" No.="0">
                    <index>1 2</index>
                    <parameter>T</parameter>
                    <value>30.3167</value>
                </Output>
                <Output type="sp" No.="1">
                    <index>1 2</index>
                    <parameter>C</parameter>
                    <value>0.0104</value>
                </Output>
                <Output type="sp" No.="2">
                    <index>1 3</index>
                    <parameter>T</parameter>
                    <value>30.7556</value>
                </Output>
                <Output type="unit" No.="3">
                    <index>1</index>
                    <parameter>MR</parameter>
                    <value>0.00460382</value>
                </Output>
            </Run>
            <Run No.="6">
                <Input type="sp" No.="0">
                    <index>1  1</index>
                    <parameter>T</parameter>
                    <value>30.3</value>
                </Input>
                <Input type="sp" No.="1">
                    <index>1  1</index>
                    <parameter>F</parameter>
                    <value>6.272</value>
                </Input>
                <Input type="sp" No.="2">
                    <index>1  1</index>
                    <parameter>C</parameter>
                    <value>33.9</value>
                </Input>
                <Input type="sp" No.="3">
                    <index>1  4</index>
                    <parameter>T</parameter>
                    <value>29.9</value>
                </Input>
                <Input type="sp" No.="4">
                    <index>1  4</index>
                    <parameter>F</parameter>
                    <value>1.187</value>
                </Input>
                <Input type="sp" No.="5">
                    <index>1  4</index>
                    <parameter>C</parameter>
                    <value>0.0215</value>
                </Input>
                <Input type="unit" No.="6">
                    <index>1</index>
                    <parameter>NM</parameter>
                    <value>1.48228</value>
                </Input>
                <Output type="sp" No.="0">
                    <index>1 2</index>
                    <parameter>T</parameter>
                    <value>30.5556</value>
                </Output>
                <Output type="sp" No.="1">
                    <index>1 2</index>
                    <parameter>C</parameter>
                    <value>0.012</value>
                </Output>
                <Output type="sp" No.="2">
                    <index>1 3</index>
                    <parameter>T</parameter>
                    <value>31.8667</value>
                </Output>
                <Output type="unit" No.="3">
                    <index>1</index>
                    <parameter>MR</parameter>
                    <value>0.0113357</value>
                </Output>
            </Run>
            <Run No.="7">
                <Input type="sp" No.="0">
                    <index>1  1</index>
                    <parameter>T</parameter>
                    <value>30.2</value>
                </Input>
                <Input type="sp" No.="1">
                    <index>1  1</index>
                    <parameter>F</parameter>
                    <value>5.019</value>
                </Input>
                <Input type="sp" No.="2">
                    <index>1  1</index>
                    <parameter>C</parameter>
                    <value>34.4</value>
                </Input>
                <Input type="sp" No.="3">
                    <index>1  4</index>
                    <parameter>T</parameter>
                    <value>30.1</value>
                </Input>
                <Input type="sp" No.="4">
                    <index>1  4</index>
                    <parameter>F</parameter>
                    <value>1.19</value>
                </Input>
                <Input type="sp" No.="5">
                    <index>1  4</index>
                    <parameter>C</parameter>
                    <value>0.018</value>
                </Input>
                <Input type="unit" No.="6">
                    <index>1</index>
                    <parameter>NM</parameter>
                    <value>1.30053</value>
                </Input>
                <Output type="sp" No.="0">
                    <index>1 2</index>
                    <parameter>T</parameter>
                    <value>30.4944</value>
                </Output>
                <Output type="sp" No.="1">
                    <index>1 2</index>
                    <parameter>C</parameter>
                    <value>0.0112</value>
                </Output>
                <Output type="sp" No.="2">
                    <index>1 3</index>
                    <parameter>T</parameter>
                    <value>31.6056</value>
                </Output>
                <Output type="unit" No.="3">
                    <index>1</index>
                    <parameter>MR</parameter>
                    <value>0.00805153</value>
                </Output>
            </Run>
            <Run No.="8">
                <Input type="sp" No.="0">
                    <index>1  1</index>
                    <parameter>T</parameter>
                    <value>30.2</value>
                </Input>
                <Input type="sp" No.="1">
                    <index>1  1</index>
                    <parameter>F</parameter>
                    <value>7.42</value>
                </Input>
                <Input type="sp" No.="2">
                    <index>1  1</index>
                    <parameter>C</parameter>
                    <value>34.4</value>
                </Input>
                <Input type="sp" No.="3">
                    <index>1  4</index>
                    <parameter>T</parameter>
                    <value>30.2</value>
                </Input>
                <Input type="sp" No.="4">
                    <index>1  4</index>
                    <parameter>F</parameter>
                    <value>1.182</value>
                </Input>
                <Input type="sp" No.="5">
                    <index>1  4</index>
                    <parameter>C</parameter>
                    <value>0.0181</value>
                </Input>
                <Input type="unit" No.="6">
                    <index>1</index>
                    <parameter>NM</parameter>
                    <value>1.40982</value>
                </Input>
                <Output type="sp" No.="0">
                    <index>1 2</index>
                    <parameter>T</parameter>
                    <value>30.4333</value>
                </Output>
                <Output type="sp" No.="1">
                    <index>1 2</index>
                    <parameter>C</parameter>
                    <value>0.0109</value>
                </Output>
                <Output type="sp" No.="2">
                    <index>1 3</index>
                    <parameter>T</parameter>
                    <value>31.2111</value>
                </Output>
                <Output type="unit" No.="3">
                    <index>1</index>
                    <parameter>MR</parameter>
                    <value>0.00846947</value>
                </Output>
            </Run>
            <Run No.="9">
                <Input type="sp" No.="0">
                    <index>1  1</index>
                    <parameter>T</parameter>
                    <value>25</value>
                </Input>
                <Input type="sp" No.="1">
                    <index>1  1</index>
                    <parameter>F</parameter>
                    <value>6.269</value>
                </Input>
                <Input type="sp" No.="2">
                    <index>1  1</index>
                    <parameter>C</parameter>
                    <value>34.7</value>
                </Input>
                <Input type="sp" No.="3">
                    <index>1  4</index>
                    <parameter>T</parameter>
                    <value>29.9</value>
                </Input>
                <Input type="sp" No.="4">
                    <index>1  4</index>
                    <parameter>F</parameter>
                    <value>1.198</value>
                </Input>
                <Input type="sp" No.="5">
                    <index>1  4</index>
                    <parameter>C</parameter>
                    <value>0.0177</value>
                </Input>
                <Input type="unit" No.="6">
                    <index>1</index>
                    <parameter>NM</parameter>
                    <value>1.51157</value>
                </Input>
                <Output type="sp" No.="0">
                    <index>1 2</index>
                    <parameter>T</parameter>
                    <value>26.5444</value>
                </Output>
                <Output type="sp" No.="1">
                    <index>1 2</index>
                    <parameter>C</parameter>
                    <value>0.0088</value>
                </Output>
                <Output type="sp" No.="2">
                    <index>1 3</index>
                    <parameter>T</parameter>
                    <value>26.7778</value>
                </Output>
                <Output type="unit" No.="3">
                    <index>1</index>
                    <parameter>MR</parameter>
                    <value>0.0107146</value>
                </Output>
            </Run>
            <Run No.="10">
                <Input type="sp" No.="0">
                    <index>1  1</index>
                    <parameter>T</parameter>
                    <value>35.2</value>
                </Input>
                <Input type="sp" No.="1">
                    <index>1  1</index>
                    <parameter>F</parameter>
                    <value>6.309</value>
                </Input>
                <Input type="sp" No.="2">
                    <index>1  1</index>
                    <parameter>C</parameter>
                    <value>34.9</value>
                </Input>
                <Input type="sp" No.="3">
                    <index>1  4</index>
                    <parameter>T</parameter>
                    <value>29.9</value>
                </Input>
                <Input type="sp" No.="4">
                    <index>1  4</index>
                    <parameter>F</parameter>
                    <value>1.176</value>
                </Input>
                <Input type="sp" No.="5">
                    <index>1  4</index>
                    <parameter>C</parameter>
                    <value>0.0178</value>
                </Input>
                <Input type="unit" No.="6">
                    <index>1</index>
                    <parameter>NM</parameter>
                    <value>0.838845</value>
                </Input>
                <Output type="sp" No.="0">
                    <index>1 2</index>
                    <parameter>T</parameter>
                    <value>32.9389</value>
                </Output>
                <Output type="sp" No.="1">
                    <index>1 2</index>
                    <parameter>C</parameter>
                    <value>0.014</value>
                </Output>
                <Output type="sp" No.="2">
                    <index>1 3</index>
                    <parameter>T</parameter>
                    <value>35.6333</value>
                </Output>
                <Output type="unit" No.="3">
                    <index>1</index>
                    <parameter>MR</parameter>
                    <value>0.00450124</value>
                </Output>
            </Run>
            <Run No.="11">
                <Input type="sp" No.="0">
                    <index>1  1</index>
                    <parameter>T</parameter>
                    <value>30.1</value>
                </Input>
                <Input type="sp" No.="1">
                    <index>1  1</index>
                    <parameter>F</parameter>
                    <value>6.164</value>
                </Input>
                <Input type="sp" No.="2">
                    <index>1  1</index>
                    <parameter>C</parameter>
                    <value>33.1</value>
                </Input>
                <Input type="sp" No.="3">
                    <index>1  4</index>
                    <parameter>T</parameter>
                    <value>29.9</value>
                </Input>
                <Input type="sp" No.="4">
                    <index>1  4</index>
                    <parameter>F</parameter>
                    <value>1.182</value>
                </Input>
                <Input type="sp" No.="5">
                    <index>1  4</index>
                    <parameter>C</parameter>
                    <value>0.0179</value>
                </Input>
                <Input type="unit" No.="6">
                    <index>1</index>
                    <parameter>NM</parameter>
                    <value>1.4938</value>
                </Input>
                <Output type="sp" No.="0">
                    <index>1 2</index>
                    <parameter>T</parameter>
                    <value>30.3056</value>
                </Output>
                <Output type="sp" No.="1">
                    <index>1 2</index>
                    <parameter>C</parameter>
                    <value>0.0113</value>
                </Output>
                <Output type="sp" No.="2">
                    <index>1 3</index>
                    <parameter>T</parameter>
                    <value>31.1889</value>
                </Output>
                <Output type="unit" No.="3">
                    <index>1</index>
                    <parameter>MR</parameter>
                    <value>0.00774588</value>
                </Output>
            </Run>
            <Run No.="12">
                <Input type="sp" No.="0">
                    <index>1  1</index>
                    <parameter>T</parameter>
                    <value>30.2</value>
                </Input>
                <Input type="sp" No.="1">
                    <index>1  1</index>
                    <parameter>F</parameter>
                    <value>6.267</value>
                </Input>
                <Input type="sp" No.="2">
                    <index>1  1</index>
                    <parameter>C</parameter>
                    <value>33.8</value>
                </Input>
                <Input type="sp" No.="3">
                    <index>1  4</index>
                    <parameter>T</parameter>
                    <value>29.9</value>
                </Input>
                <Input type="sp" No.="4">
                    <index>1  4</index>
                    <parameter>F</parameter>
                    <value>1.192</value>
                </Input>
                <Input type="sp" No.="5">
                    <index>1  4</index>
                    <parameter>C</parameter>
                    <value>0.0179</value>
                </Input>
                <Input type="unit" No.="6">
                    <index>1</index>
                    <parameter>NM</parameter>
                    <value>1.44735</value>
                </Input>
                <Output type="sp" No.="0">
                    <index>1 2</index>
                    <parameter>T</parameter>
                    <value>30.3833</value>
                </Output>
                <Output type="sp" No.="1">
                    <index>1 2</index>
                    <parameter>C</parameter>
                    <value>0.0111</value>
                </Output>
                <Output type="sp" No.="2">
                    <index>1 3</index>
                    <parameter>T</parameter>
                    <value>31.3167</value>
                </Output>
                <Output type="unit" No.="3">
                    <index>1</index>
                    <parameter>MR</parameter>
                    <value>0.00808298</value>
                </Output>
            </Run>
            <Run No.="13">
                <Input type="sp" No.="0">
                    <index>1  1</index>
                    <parameter>T</parameter>
                    <value>30.2</value>
                </Input>
                <Input type="sp" No.="1">
                    <index>1  1</index>
                    <parameter>F</parameter>
                    <value>6.206</value>
                </Input>
                <Input type="sp" No.="2">
                    <index>1  1</index>
                    <parameter>C</parameter>
                    <value>34.8</value>
                </Input>
                <Input type="sp" No.="3">
                    <index>1  4</index>
                    <parameter>T</parameter>
                    <value>30</value>
                </Input>
                <Input type="sp" No.="4">
                    <index>1  4</index>
                    <parameter>F</parameter>
                    <value>1.176</value>
                </Input>
                <Input type="sp" No.="5">
                    <index>1  4</index>
                    <parameter>C</parameter>
                    <value>0.0181</value>
                </Input>
                <Input type="unit" No.="6">
                    <index>1</index>
                    <parameter>NM</parameter>
                    <value>1.44731</value>
                </Input>
                <Output type="sp" No.="0">
                    <index>1 2</index>
                    <parameter>T</parameter>
                    <value>30.4333</value>
                </Output>
                <Output type="sp" No.="1">
                    <index>1 2</index>
                    <parameter>C</parameter>
                    <value>0.0107</value>
                </Output>
                <Output type="sp" No.="2">
                    <index>1 3</index>
                    <parameter>T</parameter>
                    <value>31.4333</value>
                </Output>
                <Output type="unit" No.="3">
                    <index>1</index>
                    <parameter>MR</parameter>
                    <value>0.00873387</value>
                </Output>
            </Run>
        </fdm>
    </TableData>
    <PlotData/>
    <plotData/>
</root>
