<?xml version='1.0' encoding='UTF-8'?>
<root version="v1.0">
    <CaseData>
        <globalData textCount="0" tmax="212" tmin="32" maxfev="500" xtol="1e-05" fmax="1322.77" globalcount="1" pmax="14.504" spnumber="4" ftol="1e-05"/>
        <Unit1 mrate="0" cat="32" ntum="1" insideMerged="F" ua="0" yCoord="0" ntut="1" humeff="0" xCoord="0" wetness="1" horizontalFlip="1" devg="0" usp="4" idunit="181" ipinch="0" devl="0" ntu="0" verticalFlip="1" ht="0" ntua="1" iht="1" icop="0" htr="0" nu="1" eff="0" rotation="0" lmtd="0" ipinchr="0">
            <StatePoint1 c="34.1" fr="0" f="820.649" iffix="0" link="0" localInd="1" wr="0.1" p="14.6926" ksub="9" itfix="0" pr="0.14504" t="149" cr="0" ndum="1" w="0" icfix="0" ipfix="0" hr="0" tr="32" iwfix="0"/>
            <StatePoint2 c="0.02" fr="0" f="132.277" iffix="0" link="0" localInd="2" wr="0.1" p="14.6926" ksub="10" itfix="1" pr="0.14504" t="122" cr="0" ndum="2" w="1" icfix="1" ipfix="0" hr="0" tr="32" iwfix="0"/>
            <StatePoint3 c="45" fr="0" f="132.277" iffix="1" link="0" localInd="3" wr="0.1" p="14.6926" ksub="9" itfix="1" pr="0.14504" t="131" cr="0" ndum="3" w="0" icfix="1" ipfix="0" hr="nan" tr="32" iwfix="0"/>
            <StatePoint4 c="0.018" fr="0" f="145.241" iffix="0" link="0" localInd="4" wr="0.1" p="14.6926" ksub="10" itfix="0" pr="0.14504" t="86.18" cr="0" ndum="4" w="1" icfix="0" ipfix="0" hr="0" tr="32" iwfix="0"/>
        </Unit1>
    </CaseData>
    <TableData>
        <table_1 runs="11">
            <header>Temperature
State Point#1
[℃];Water Evaporation Rate
component#1
[kg/s]</header>
            <inputEntries>Temperature,State Point#1,P1 1T</inputEntries>
            <outputEntries>Water Evaporation Rate,component#1,U1ME</outputEntries>
            <Run No.="0">
                <Input type="sp" No.="0">
                    <index>1  1</index>
                    <parameter>T</parameter>
                    <value>50</value>
                </Input>
                <Output type="unit" No.="0">
                    <index>1</index>
                    <parameter>ME</parameter>
                    <value>0.00551267</value>
                </Output>
            </Run>
            <Run No.="1">
                <Input type="sp" No.="0">
                    <index>1  1</index>
                    <parameter>T</parameter>
                    <value>53</value>
                </Input>
                <Output type="unit" No.="0">
                    <index>1</index>
                    <parameter>ME</parameter>
                    <value>0.00847273</value>
                </Output>
            </Run>
            <Run No.="2">
                <Input type="sp" No.="0">
                    <index>1  1</index>
                    <parameter>T</parameter>
                    <value>56</value>
                </Input>
                <Output type="unit" No.="0">
                    <index>1</index>
                    <parameter>ME</parameter>
                    <value>0.0118498</value>
                </Output>
            </Run>
            <Run No.="3">
                <Input type="sp" No.="0">
                    <index>1  1</index>
                    <parameter>T</parameter>
                    <value>59</value>
                </Input>
                <Output type="unit" No.="0">
                    <index>1</index>
                    <parameter>ME</parameter>
                    <value>0.0156906</value>
                </Output>
            </Run>
            <Run No.="4">
                <Input type="sp" No.="0">
                    <index>1  1</index>
                    <parameter>T</parameter>
                    <value>62</value>
                </Input>
                <Output type="unit" No.="0">
                    <index>1</index>
                    <parameter>ME</parameter>
                    <value>0.0200449</value>
                </Output>
            </Run>
            <Run No.="5">
                <Input type="sp" No.="0">
                    <index>1  1</index>
                    <parameter>T</parameter>
                    <value>65</value>
                </Input>
                <Output type="unit" No.="0">
                    <index>1</index>
                    <parameter>ME</parameter>
                    <value>0.0249652</value>
                </Output>
            </Run>
            <Run No.="6">
                <Input type="sp" No.="0">
                    <index>1  1</index>
                    <parameter>T</parameter>
                    <value>68</value>
                </Input>
                <Output type="unit" No.="0">
                    <index>1</index>
                    <parameter>ME</parameter>
                    <value>0.0305065</value>
                </Output>
            </Run>
            <Run No.="7">
                <Input type="sp" No.="0">
                    <index>1  1</index>
                    <parameter>T</parameter>
                    <value>71</value>
                </Input>
                <Output type="unit" No.="0">
                    <index>1</index>
                    <parameter>ME</parameter>
                    <value>0.0367242</value>
                </Output>
            </Run>
            <Run No.="8">
                <Input type="sp" No.="0">
                    <index>1  1</index>
                    <parameter>T</parameter>
                    <value>74</value>
                </Input>
                <Output type="unit" No.="0">
                    <index>1</index>
                    <parameter>ME</parameter>
                    <value>0.0436751</value>
                </Output>
            </Run>
            <Run No.="9">
                <Input type="sp" No.="0">
                    <index>1  1</index>
                    <parameter>T</parameter>
                    <value>77</value>
                </Input>
                <Output type="unit" No.="0">
                    <index>1</index>
                    <parameter>ME</parameter>
                    <value>0.0514135</value>
                </Output>
            </Run>
            <Run No.="10">
                <Input type="sp" No.="0">
                    <index>1  1</index>
                    <parameter>T</parameter>
                    <value>80</value>
                </Input>
                <Output type="unit" No.="0">
                    <index>1</index>
                    <parameter>ME</parameter>
                    <value>0.0599901</value>
                </Output>
            </Run>
        </table_1>
    </TableData>
    <PlotData/>
    <plotData>
        <table1 inputIndex="0" yAxisName="Water Evaporation Ratecomponent#1[kg/s]" plotType="parametric" tableName="table_1" outputs="1" outputIndex="1" runs="11" scaleInfo="0,0,0,0,0,0,0,0" xAxisName="TemperatureState Point#1[℃]">
            <Run No.="0">
                <Input name="TemperatureState Point#1[℃]">
                    <value>50</value>
                </Input>
                <Output name="Water Evaporation Ratecomponent#1[kg/s]">
                    <value>0.00551267</value>
                </Output>
            </Run>
            <Run No.="1">
                <Input name="TemperatureState Point#1[℃]">
                    <value>53</value>
                </Input>
                <Output name="Water Evaporation Ratecomponent#1[kg/s]">
                    <value>0.00847273</value>
                </Output>
            </Run>
            <Run No.="2">
                <Input name="TemperatureState Point#1[℃]">
                    <value>56</value>
                </Input>
                <Output name="Water Evaporation Ratecomponent#1[kg/s]">
                    <value>0.0118498</value>
                </Output>
            </Run>
            <Run No.="3">
                <Input name="TemperatureState Point#1[℃]">
                    <value>59</value>
                </Input>
                <Output name="Water Evaporation Ratecomponent#1[kg/s]">
                    <value>0.0156906</value>
                </Output>
            </Run>
            <Run No.="4">
                <Input name="TemperatureState Point#1[℃]">
                    <value>62</value>
                </Input>
                <Output name="Water Evaporation Ratecomponent#1[kg/s]">
                    <value>0.0200449</value>
                </Output>
            </Run>
            <Run No.="5">
                <Input name="TemperatureState Point#1[℃]">
                    <value>65</value>
                </Input>
                <Output name="Water Evaporation Ratecomponent#1[kg/s]">
                    <value>0.0249652</value>
                </Output>
            </Run>
            <Run No.="6">
                <Input name="TemperatureState Point#1[℃]">
                    <value>68</value>
                </Input>
                <Output name="Water Evaporation Ratecomponent#1[kg/s]">
                    <value>0.0305065</value>
                </Output>
            </Run>
            <Run No.="7">
                <Input name="TemperatureState Point#1[℃]">
                    <value>71</value>
                </Input>
                <Output name="Water Evaporation Ratecomponent#1[kg/s]">
                    <value>0.0367242</value>
                </Output>
            </Run>
            <Run No.="8">
                <Input name="TemperatureState Point#1[℃]">
                    <value>74</value>
                </Input>
                <Output name="Water Evaporation Ratecomponent#1[kg/s]">
                    <value>0.0436751</value>
                </Output>
            </Run>
            <Run No.="9">
                <Input name="TemperatureState Point#1[℃]">
                    <value>77</value>
                </Input>
                <Output name="Water Evaporation Ratecomponent#1[kg/s]">
                    <value>0.0514135</value>
                </Output>
            </Run>
            <Run No.="10">
                <Input name="TemperatureState Point#1[℃]">
                    <value>80</value>
                </Input>
                <Output name="Water Evaporation Ratecomponent#1[kg/s]">
                    <value>0.0599901</value>
                </Output>
            </Run>
        </table1>
    </plotData>
</root>
