<?xml version='1.0' encoding='UTF-8'?>
<root version="v1.0">
    <CaseData>
        <globalData textCount="7" maxfev="500" ftol="1e-05" capacity="0" COP="0" COPY="0" globalcount="10" fmax="132.277" pmax="14.6926" tmax="149" xtol="1e-05" spnumber="22" tmin="86" COPX="0">
            <textItem0 text="Dehumidifier" bold="1" color="#000000" italic="0" xCoord="-261.672" size="6" underline="0" yCoord="-212.285"/>
            <textItem1 text="Cooler" bold="1" color="#000000" italic="0" xCoord="-336.137" size="6" underline="0" yCoord="-56.7642"/>
            <textItem2 text="Regenerator" bold="1" color="#000000" italic="0" xCoord="142.995" size="6" underline="0" yCoord="-217.883"/>
            <textItem3 text="Heater" bold="1" color="#000000" italic="0" xCoord="255.104" size="6" underline="0" yCoord="-46.1769"/>
            <textItem4 text="Air-air&#xa;Heat Exchanger" bold="1" color="#000000" italic="0" xCoord="-81.0889" size="6" underline="0" yCoord="-276.699"/>
            <textItem5 text="Solution-solution&#xa;Heat Exchanger" bold="1" color="#000000" italic="0" xCoord="-18.9341" size="6" underline="0" yCoord="18.0486"/>
            <textItem6 text="Controllable&#xa;Solution splitter" bold="1" color="#000000" italic="0" xCoord="211.693" size="6" underline="0" yCoord="144.484"/>
        </globalData>
        <Unit1 eff="0" yCoord="-110.452" ntu="0" horizontalFlip="1" idunit="164" iht="2" ntua="1" nIter="100" htr="0" mrate="0.197829" le="1" ht="2" wetness="1" icop="0" devg="0" ntum="2" usp="4" verticalFlip="1" ua="0" ntut="1" ipinchr="0" xCoord="-150.203" devl="0" rotation="0" nu="1" cat="32" insideMerged="F" lmtd="0" ipinch="0" humeff="0.843111">
            <ResultCoord res1="-43,-124" res3="-85,57" res2="29,61" res0="35,-110" resComp="35,-23"/>
            <StatePoint1 ksub="9" cr="37.7693" fr="66.139" iwfix="0" ipfix="0" icfix="3" itfix="1" ndum="1" f="66.1387" p="0" t="93.128" w="0" tr="93.12" hr="58.28" iffix="0" c="37.77" wr="0" pr="0" localInd="1"/>
            <StatePoint2 ksub="10" cr="0.0097" fr="21.164" iwfix="0" ipfix="0" icfix="1" itfix="1" link="0" ndum="2" f="21.1644" p="14.6926" t="93.002" w="1" tr="93.01" hr="25.3" iffix="0" c="0.0097" wr="1" pr="14.69" localInd="2"/>
            <StatePoint3 ksub="9" cr="37.6567" fr="66.337" iwfix="0" ipfix="0" icfix="1" itfix="1" ndum="3" f="66.3371" p="0" t="97.466" w="0" tr="97.46" hr="60.83" iffix="1" c="37.66" wr="0" pr="0" localInd="3"/>
            <StatePoint4 ksub="10" cr="0.019" fr="21.164" iwfix="0" ipfix="0" icfix="0" itfix="0" link="0" ndum="4" f="21.1644" p="14.6926" t="86" w="1" tr="86" hr="33.86" iffix="0" c="0.019" wr="1" pr="14.69" localInd="4"/>
        </Unit1>
        <Unit2 eff="0" yCoord="-108.01" ntu="0" horizontalFlip="1" idunit="184" iht="2" ntua="1" nIter="100" htr="0" mrate="0.197829" le="1" ht="2" wetness="1" icop="0" devg="0" ntum="2" usp="4" verticalFlip="1" ua="0" ntut="1" ipinchr="0" xCoord="127.986" devl="0" rotation="0" nu="2" cat="32" insideMerged="F" lmtd="0" ipinch="0" humeff="0.792852">
            <ResultCoord res1="-46,-126" res3="-177,27" res2="35,67" res0="35,-110" resComp="64,-22"/>
            <StatePoint1 ksub="9" cr="38.4807" fr="94.532" iwfix="0" ipfix="0" icfix="4" itfix="1" ndum="5" f="94.3799" p="0" t="137.84" w="0" tr="137.83" hr="89.32" iffix="4" c="38.48" wr="0" pr="0" localInd="1"/>
            <StatePoint2 ksub="10" cr="0.0283" fr="21.164" iwfix="0" ipfix="0" icfix="2" itfix="1" ndum="6" f="21.1644" p="14.6926" t="134.906" w="1" tr="134.91" hr="56.49" iffix="0" c="0.0283" wr="1" pr="14.69" localInd="2"/>
            <StatePoint3 ksub="9" cr="38.5614" fr="94.334" iwfix="0" ipfix="0" icfix="1" itfix="1" ndum="7" f="94.1815" p="0" t="133.178" w="0" tr="133.17" hr="86.49" iffix="1" c="38.56" wr="0" pr="0" localInd="3"/>
            <StatePoint4 ksub="10" cr="0.019" fr="21.164" iwfix="0" ipfix="0" icfix="0" itfix="1" ndum="8" f="21.1644" p="14.6926" t="122.918" w="1" tr="122.91" hr="43.03" iffix="0" c="0.019" wr="1" pr="14.69" localInd="4"/>
        </Unit2>
        <Unit3 eff="0" yCoord="50.4696" ntu="0" horizontalFlip="1" idunit="72" iht="1" ntua="1" nIter="100" htr="0" mrate="0" le="1" ht="0" wetness="1" icop="0" devg="0" ntum="1" usp="3" verticalFlip="1" ua="0" ntut="1" ipinchr="0" xCoord="143.277" devl="0" rotation="0" nu="3" cat="32" insideMerged="F" lmtd="0" ipinch="0" humeff="0">
            <ResultCoord res1="20,-80" res2="17,27" res0="-55,20" resComp="41,-52"/>
            <StatePoint1 ksub="9" cr="37.7693" fr="10.701" iwfix="0" ipfix="0" icfix="3" itfix="1" ndum="9" f="10.6854" p="0" t="121.622" w="0" tr="121.62" hr="76.99" iffix="2" c="37.77" wr="0" pr="0" localInd="1"/>
            <StatePoint2 ksub="9" cr="38.5614" fr="94.334" iwfix="0" ipfix="0" icfix="1" itfix="1" link="1" ndum="7" f="94.1815" p="0" t="133.178" otherEndUnit="2" w="0" tr="133.17" hr="86.49" iffix="1" c="38.56" wr="0" otherEndLocalSP="3" pr="0" localInd="2"/>
            <StatePoint3 ksub="9" cr="38.4807" fr="105.035" iwfix="0" ipfix="0" icfix="4" itfix="3" ndum="10" f="104.869" p="0" t="132.008" w="0" tr="131.99" hr="85.52" iffix="1" c="38.48" wr="0" pr="0" localInd="3"/>
        </Unit3>
        <Unit4 eff="0" yCoord="45.0456" ntu="0" horizontalFlip="-1" idunit="72" iht="1" ntua="1" nIter="100" htr="0" mrate="0" le="1" ht="0" wetness="1" icop="0" devg="0" ntum="1" usp="3" verticalFlip="1" ua="0" ntut="1" ipinchr="0" xCoord="-131.144" devl="0" rotation="0" nu="4" cat="32" insideMerged="F" lmtd="0" ipinch="0" humeff="0">
            <ResultCoord res1="20,-80" res2="61,41" res0="-55,20" resComp="99,-8"/>
            <StatePoint1 ksub="9" cr="38.4807" fr="10.504" iwfix="0" ipfix="0" icfix="4" itfix="1" ndum="11" f="10.4869" p="0" t="108.734" w="0" tr="108.75" hr="70.4" iffix="3" c="38.48" wr="0" pr="0" localInd="1"/>
            <StatePoint2 ksub="9" cr="37.6567" fr="66.337" iwfix="0" ipfix="0" icfix="1" itfix="1" link="1" ndum="3" f="66.3371" p="0" t="97.466" otherEndUnit="1" w="0" tr="97.46" hr="60.83" iffix="1" c="37.66" wr="0" otherEndLocalSP="3" pr="0" localInd="2"/>
            <StatePoint3 ksub="9" cr="37.7693" fr="76.84" iwfix="0" ipfix="0" icfix="3" itfix="2" ndum="12" f="76.8267" p="0" t="98.996" w="0" tr="99" hr="62.14" iffix="1" c="37.77" wr="0" pr="0" localInd="3"/>
        </Unit4>
        <Unit5 eff="0.704" yCoord="118.647" ntu="2.3" horizontalFlip="1" idunit="33" iht="1" ntua="1" nIter="100" htr="158.9" mrate="0" le="1" ht="15.7967" wetness="1" icop="0" devg="0" ntum="1" usp="4" verticalFlip="1" ua="15.8" ntut="1" ipinchr="0" xCoord="6.38932" devl="0" rotation="1" nu="5" cat="41.75" insideMerged="F" lmtd="10.06" ipinch="0" humeff="0">
            <ResultCoord res1="-99,-50" res3="48,74" res2="40,-70" res0="-55,50" resComp="-125,53"/>
            <StatePoint1 ksub="9" cr="37.7693" fr="10.701" iwfix="0" ipfix="0" icfix="3" itfix="2" ndum="13" f="10.6854" p="0" t="98.996" w="0" tr="99" hr="62.14" iffix="2" c="37.77" wr="0" pr="0" localInd="1"/>
            <StatePoint2 ksub="9" cr="37.7693" fr="10.701" iwfix="0" ipfix="0" icfix="3" itfix="1" link="1" ndum="9" f="10.6854" p="0" t="121.622" otherEndUnit="3" w="0" tr="121.62" hr="76.99" iffix="2" c="37.77" wr="0" otherEndLocalSP="1" pr="0" localInd="2"/>
            <StatePoint3 ksub="9" cr="38.4807" fr="10.504" iwfix="0" ipfix="0" icfix="4" itfix="3" ndum="14" f="10.4869" p="0" t="132.008" w="0" tr="131.99" hr="85.52" iffix="3" c="38.48" wr="0" pr="0" localInd="3"/>
            <StatePoint4 ksub="9" cr="38.4807" fr="10.504" iwfix="0" ipfix="0" icfix="4" itfix="1" link="1" ndum="11" f="10.4869" p="0" t="108.734" otherEndUnit="4" w="0" tr="108.75" hr="70.4" iffix="3" c="38.48" wr="0" otherEndLocalSP="1" pr="0" localInd="4"/>
        </Unit5>
        <Unit6 eff="0" yCoord="186.459" ntu="0" horizontalFlip="1" idunit="81" iht="0" ntua="1" nIter="100" htr="0" mrate="0" le="1" ht="0" wetness="1" icop="0" devg="0" ntum="1" usp="3" verticalFlip="1" ua="0" ntut="1" ipinchr="0" xCoord="-129.947" devl="0" rotation="0" nu="6" cat="32" insideMerged="F" lmtd="0" ipinch="0" humeff="0">
            <ResultCoord res1="43,-169" res2="3,-114" res0="-178,-176" resComp="-129,14"/>
            <StatePoint1 ksub="9" cr="37.7693" fr="66.139" iwfix="0" ipfix="0" icfix="3" itfix="2" ndum="15" f="66.1387" p="0" t="98.996" w="0" tr="99" hr="62.14" iffix="0" c="37.77" wr="0" pr="0" localInd="1"/>
            <StatePoint2 ksub="9" cr="37.7693" fr="10.701" iwfix="0" ipfix="0" icfix="3" itfix="2" link="1" ndum="13" f="10.6854" p="0" t="98.996" otherEndUnit="5" w="0" tr="99" hr="62.14" iffix="2" c="37.77" wr="0" otherEndLocalSP="1" pr="0" localInd="2"/>
            <StatePoint3 ksub="9" cr="37.7693" fr="76.84" iwfix="0" ipfix="0" icfix="3" itfix="2" link="1" ndum="12" f="76.8267" p="0" t="98.996" otherEndUnit="4" w="0" tr="99" hr="62.14" iffix="1" c="37.77" wr="0" otherEndLocalSP="3" pr="0" localInd="3"/>
        </Unit6>
        <Unit7 eff="0" yCoord="185.363" ntu="0" horizontalFlip="1" idunit="81" iht="1" ntua="1" nIter="100" htr="0" mrate="0" le="1" ht="3.15933" wetness="1" icop="0" devg="0" ntum="1" usp="3" verticalFlip="1" ua="0" ntut="1" ipinchr="0" xCoord="144.144" devl="0" rotation="0" nu="7" cat="32" insideMerged="F" lmtd="0" ipinch="0" humeff="0">
            <ResultCoord res1="128,-193" res2="-15,-117" res0="-106,-20" resComp="56,36"/>
            <StatePoint1 ksub="9" cr="38.4807" fr="10.504" iwfix="0" ipfix="0" icfix="4" itfix="3" link="1" ndum="14" f="10.4869" p="0" t="132.008" otherEndUnit="5" w="0" tr="131.99" hr="85.52" iffix="3" c="38.48" wr="0" otherEndLocalSP="3" pr="0" localInd="1"/>
            <StatePoint2 ksub="9" cr="38.4807" fr="94.532" iwfix="0" ipfix="0" icfix="4" itfix="3" ndum="16" f="94.3799" p="0" t="132.008" w="0" tr="131.99" hr="85.52" iffix="4" c="38.48" wr="0" pr="0" localInd="2"/>
            <StatePoint3 ksub="9" cr="38.4807" fr="105.035" iwfix="0" ipfix="0" icfix="4" itfix="3" link="1" ndum="10" f="104.869" p="0" t="132.008" otherEndUnit="3" w="0" tr="131.99" hr="85.52" iffix="1" c="38.48" wr="0" otherEndLocalSP="3" pr="0" localInd="3"/>
        </Unit7>
        <Unit8 eff="0.755" yCoord="-152.322" ntu="3" horizontalFlip="1" idunit="33" iht="1" ntua="1" nIter="100" htr="194.23" mrate="0" le="1" ht="15.7967" wetness="1" icop="0" devg="0" ntum="1" usp="4" verticalFlip="-1" ua="15.8" ntut="1" ipinchr="0" xCoord="8.48379" devl="0" rotation="1" nu="8" cat="44" insideMerged="F" lmtd="12.3" ipinch="0" humeff="0">
            <ResultCoord res1="-49,-24" res3="85,112" res2="40,-70" res0="-37,65" resComp="82,44"/>
            <StatePoint1 ksub="10" cr="0.019" fr="21.164" iwfix="0" ipfix="0" icfix="0" itfix="0" link="0" ndum="17" f="21.1644" p="14.6926" t="86" w="1" tr="86" hr="33.86" iffix="0" c="0.019" wr="1" pr="14.69" localInd="1"/>
            <StatePoint2 ksub="10" cr="0.019" fr="21.164" iwfix="0" ipfix="0" icfix="0" itfix="1" link="1" ndum="8" f="21.1644" p="14.6926" t="122.918" otherEndUnit="2" w="1" tr="122.91" hr="43.03" iffix="0" c="0.019" wr="1" otherEndLocalSP="4" pr="14.69" localInd="2"/>
            <StatePoint3 ksub="10" cr="0.0283" fr="21.164" iwfix="0" ipfix="0" icfix="2" itfix="1" link="1" ndum="6" f="21.1644" p="14.6926" t="134.906" otherEndUnit="2" w="1" tr="134.91" hr="56.49" iffix="0" c="0.0283" wr="1" otherEndLocalSP="2" pr="14.69" localInd="3"/>
            <StatePoint4 ksub="10" cr="0.0283" fr="21.164" iwfix="0" ipfix="0" icfix="2" itfix="1" link="0" ndum="18" f="21.1644" p="14.6926" t="98.6" w="1" tr="98.6" hr="47.31" iffix="0" c="0.0283" wr="1" pr="14.69" localInd="4"/>
        </Unit8>
        <Unit9 eff="0.452" yCoord="-105.338" ntu="0.7" horizontalFlip="-1" idunit="33" iht="1" ntua="1" nIter="100" htr="255.51" mrate="0" le="1" ht="31.5933" wetness="1" icop="0" devg="0" ntum="1" usp="4" verticalFlip="1" ua="31.59" ntut="1" ipinchr="0" xCoord="-280.328" devl="0" rotation="2" nu="9" cat="39.12" insideMerged="F" lmtd="8.09" ipinch="0" humeff="0">
            <ResultCoord res1="-102,-30" res3="32,134" res2="40,-70" res0="-84,80" resComp="-191,20"/>
            <StatePoint1 ksub="3" cr="0" fr="66.139" iwfix="0" ipfix="0" icfix="0" itfix="0" link="0" ndum="19" f="66.1387" p="0" t="86" w="0" tr="86" hr="54.04" iffix="0" c="0" wr="0" pr="0" localInd="1"/>
            <StatePoint2 ksub="3" cr="0" fr="66.139" iwfix="0" ipfix="0" icfix="0" itfix="1" link="0" ndum="20" f="66.1387" p="0" t="89.87" w="0" tr="89.87" hr="57.91" iffix="0" c="0" wr="0" pr="0" localInd="2"/>
            <StatePoint3 ksub="9" cr="37.7693" fr="66.139" iwfix="0" ipfix="0" icfix="3" itfix="2" link="1" ndum="15" f="66.1387" p="0" t="98.996" otherEndUnit="6" w="0" tr="99" hr="62.14" iffix="0" c="37.77" wr="0" otherEndLocalSP="1" pr="0" localInd="3"/>
            <StatePoint4 ksub="9" cr="37.7693" fr="66.139" iwfix="0" ipfix="0" icfix="3" itfix="1" link="1" ndum="1" f="66.1387" p="0" t="93.128" otherEndUnit="1" w="0" tr="93.12" hr="58.28" iffix="0" c="37.77" wr="0" otherEndLocalSP="1" pr="0" localInd="4"/>
        </Unit9>
        <Unit10 eff="0.343" yCoord="-109.862" ntu="0.5" horizontalFlip="1" idunit="33" iht="1" ntua="1" nIter="100" htr="359.2" mrate="0" le="1" ht="31.5933" wetness="1" icop="0" devg="0" ntum="1" usp="4" verticalFlip="1" ua="31.59" ntut="1" ipinchr="0" xCoord="261.339" devl="0" rotation="0" nu="10" cat="43.17" insideMerged="F" lmtd="11.37" ipinch="0" humeff="0">
            <ResultCoord res1="-94,-62" res3="40,44" res2="38,-77" res0="-55,50" resComp="99,-25"/>
            <StatePoint1 ksub="9" cr="38.4807" fr="94.532" iwfix="0" ipfix="0" icfix="4" itfix="3" link="1" ndum="16" f="94.3799" p="0" t="132.008" otherEndUnit="7" w="0" tr="131.99" hr="85.52" iffix="4" c="38.48" wr="0" otherEndLocalSP="2" pr="0" localInd="1"/>
            <StatePoint2 ksub="9" cr="38.4807" fr="94.532" iwfix="0" ipfix="0" icfix="4" itfix="1" link="1" ndum="5" f="94.3799" p="0" t="137.84" otherEndUnit="2" w="0" tr="137.83" hr="89.32" iffix="4" c="38.48" wr="0" otherEndLocalSP="1" pr="0" localInd="2"/>
            <StatePoint3 ksub="3" cr="0" fr="66.139" iwfix="0" ipfix="0" icfix="0" itfix="0" link="0" ndum="21" f="66.1387" p="0" t="149" w="0" tr="149" hr="116.96" iffix="0" c="0" wr="0" pr="0" localInd="3"/>
            <StatePoint4 ksub="3" cr="0" fr="66.139" iwfix="0" ipfix="0" icfix="0" itfix="1" link="0" ndum="22" f="66.1387" p="0" t="143.564" w="0" tr="143.57" hr="111.53" iffix="0" c="0" wr="0" pr="0" localInd="4"/>
        </Unit10>
    </CaseData>
    <TableData>
        <table_1 fUnit="0" tUnit="1" qUnit="2" runs="6" hUnit="0" uaUnit="0" pUnit="2">
            <Run No.="0">
                <Input type="sp">
                    <index>10 3</index>
                    <parameter>T</parameter>
                    <value>60</value>
                </Input>
                <Output type="unit">
                    <index>10</index>
                    <parameter>HT</parameter>
                    <value>4.3204</value>
                </Output>
                <Output type="sp">
                    <index>2 3</index>
                    <parameter>C</parameter>
                    <value>36.8533</value>
                </Output>
                <Output type="sp">
                    <index>1 3</index>
                    <parameter>C</parameter>
                    <value>36.065</value>
                </Output>
                <Output type="sp">
                    <index>1 2</index>
                    <parameter>C</parameter>
                    <value>0.0126</value>
                </Output>
                <Output type="unit">
                    <index>1</index>
                    <parameter>MR</parameter>
                    <value>0.00102929</value>
                </Output>
            </Run>
            <Run No.="1">
                <Input type="sp">
                    <index>10 3</index>
                    <parameter>T</parameter>
                    <value>65</value>
                </Input>
                <Output type="unit">
                    <index>10</index>
                    <parameter>HT</parameter>
                    <value>4.9527</value>
                </Output>
                <Output type="sp">
                    <index>2 3</index>
                    <parameter>C</parameter>
                    <value>39.2247</value>
                </Output>
                <Output type="sp">
                    <index>1 3</index>
                    <parameter>C</parameter>
                    <value>38.2799</value>
                </Output>
                <Output type="sp">
                    <index>1 2</index>
                    <parameter>C</parameter>
                    <value>0.0117</value>
                </Output>
                <Output type="unit">
                    <index>1</index>
                    <parameter>MR</parameter>
                    <value>0.0011619</value>
                </Output>
            </Run>
            <Run No.="2">
                <Input type="sp">
                    <index>10 3</index>
                    <parameter>T</parameter>
                    <value>70</value>
                </Input>
                <Output type="unit">
                    <index>10</index>
                    <parameter>HT</parameter>
                    <value>5.55212</value>
                </Output>
                <Output type="sp">
                    <index>2 3</index>
                    <parameter>C</parameter>
                    <value>41.6103</value>
                </Output>
                <Output type="sp">
                    <index>1 3</index>
                    <parameter>C</parameter>
                    <value>40.5065</value>
                </Output>
                <Output type="sp">
                    <index>1 2</index>
                    <parameter>C</parameter>
                    <value>0.011</value>
                </Output>
                <Output type="unit">
                    <index>1</index>
                    <parameter>MR</parameter>
                    <value>0.00128251</value>
                </Output>
            </Run>
            <Run No.="3">
                <Input type="sp">
                    <index>10 3</index>
                    <parameter>T</parameter>
                    <value>75</value>
                </Input>
                <Output type="unit">
                    <index>10</index>
                    <parameter>HT</parameter>
                    <value>6.11531</value>
                </Output>
                <Output type="sp">
                    <index>2 3</index>
                    <parameter>C</parameter>
                    <value>44.0442</value>
                </Output>
                <Output type="sp">
                    <index>1 3</index>
                    <parameter>C</parameter>
                    <value>42.7793</value>
                </Output>
                <Output type="sp">
                    <index>1 2</index>
                    <parameter>C</parameter>
                    <value>0.0103</value>
                </Output>
                <Output type="unit">
                    <index>1</index>
                    <parameter>MR</parameter>
                    <value>0.00139118</value>
                </Output>
            </Run>
            <Run No.="4">
                <Input type="sp">
                    <index>10 3</index>
                    <parameter>T</parameter>
                    <value>80</value>
                </Input>
                <Output type="unit">
                    <index>10</index>
                    <parameter>HT</parameter>
                    <value>6.63842</value>
                </Output>
                <Output type="sp">
                    <index>2 3</index>
                    <parameter>C</parameter>
                    <value>46.5575</value>
                </Output>
                <Output type="sp">
                    <index>1 3</index>
                    <parameter>C</parameter>
                    <value>45.1297</value>
                </Output>
                <Output type="sp">
                    <index>1 2</index>
                    <parameter>C</parameter>
                    <value>0.0097</value>
                </Output>
                <Output type="unit">
                    <index>1</index>
                    <parameter>MR</parameter>
                    <value>0.00148811</value>
                </Output>
            </Run>
            <Run No.="5">
                <Input type="sp">
                    <index>10 3</index>
                    <parameter>T</parameter>
                    <value>85</value>
                </Input>
                <Output type="unit">
                    <index>10</index>
                    <parameter>HT</parameter>
                    <value>7.11756</value>
                </Output>
                <Output type="sp">
                    <index>2 3</index>
                    <parameter>C</parameter>
                    <value>49.18</value>
                </Output>
                <Output type="sp">
                    <index>1 3</index>
                    <parameter>C</parameter>
                    <value>47.5876</value>
                </Output>
                <Output type="sp">
                    <index>1 2</index>
                    <parameter>C</parameter>
                    <value>0.0092</value>
                </Output>
                <Output type="unit">
                    <index>1</index>
                    <parameter>MR</parameter>
                    <value>0.00157356</value>
                </Output>
            </Run>
            <header>Temperature
State Point#21
[℃];Heat Transfer Value
component#10
[kW];Concentration
State Point#7
[%];Concentration
State Point#3
[%];Concentration
State Point#2
[%];Moisture Removal Rate
component#1
[kg/s]</header>
            <inputEntries>Temperature,State Point#21,P10 3T</inputEntries>
            <outputEntries>Heat Transfer Value,component#10,U10HT;Concentration,State Point#7,P2 3C;Concentration,State Point#3,P1 3C;Concentration,State Point#2,P1 2C;Moisture Removal Rate,component#1,U1MR</outputEntries>
        </table_1>
        <table_2 fUnit="0" tUnit="1" qUnit="2" runs="19" hUnit="0" uaUnit="0" pUnit="2">
            <Run No.="0">
                <Input type="unit">
                    <index>1</index>
                    <parameter>NT</parameter>
                    <value>0.5</value>
                </Input>
                <Output type="sp">
                    <index>1 2</index>
                    <parameter>T</parameter>
                    <value>34.4389</value>
                </Output>
                <Output type="sp">
                    <index>1 2</index>
                    <parameter>C</parameter>
                    <value>0.0139</value>
                </Output>
                <Output type="sp">
                    <index>1 3</index>
                    <parameter>T</parameter>
                    <value>34.1667</value>
                </Output>
            </Run>
            <Run No.="1">
                <Input type="unit">
                    <index>1</index>
                    <parameter>NT</parameter>
                    <value>0.7368</value>
                </Input>
                <Output type="sp">
                    <index>1 2</index>
                    <parameter>T</parameter>
                    <value>34.5222</value>
                </Output>
                <Output type="sp">
                    <index>1 2</index>
                    <parameter>C</parameter>
                    <value>0.0127</value>
                </Output>
                <Output type="sp">
                    <index>1 3</index>
                    <parameter>T</parameter>
                    <value>34.8278</value>
                </Output>
            </Run>
            <Run No.="2">
                <Input type="unit">
                    <index>1</index>
                    <parameter>NT</parameter>
                    <value>0.9737</value>
                </Input>
                <Output type="sp">
                    <index>1 2</index>
                    <parameter>T</parameter>
                    <value>34.6222</value>
                </Output>
                <Output type="sp">
                    <index>1 2</index>
                    <parameter>C</parameter>
                    <value>0.0119</value>
                </Output>
                <Output type="sp">
                    <index>1 3</index>
                    <parameter>T</parameter>
                    <value>35.2611</value>
                </Output>
            </Run>
            <Run No.="3">
                <Input type="unit">
                    <index>1</index>
                    <parameter>NT</parameter>
                    <value>1.211</value>
                </Input>
                <Output type="sp">
                    <index>1 2</index>
                    <parameter>T</parameter>
                    <value>34.9444</value>
                </Output>
                <Output type="sp">
                    <index>1 2</index>
                    <parameter>C</parameter>
                    <value>0.0114</value>
                </Output>
                <Output type="sp">
                    <index>1 3</index>
                    <parameter>T</parameter>
                    <value>35.1056</value>
                </Output>
            </Run>
            <Run No.="4">
                <Input type="unit">
                    <index>1</index>
                    <parameter>NT</parameter>
                    <value>1.447</value>
                </Input>
                <Output type="sp">
                    <index>1 2</index>
                    <parameter>T</parameter>
                    <value>34.7833</value>
                </Output>
                <Output type="sp">
                    <index>1 2</index>
                    <parameter>C</parameter>
                    <value>0.0109</value>
                </Output>
                <Output type="sp">
                    <index>1 3</index>
                    <parameter>T</parameter>
                    <value>35.7722</value>
                </Output>
            </Run>
            <Run No.="5">
                <Input type="unit">
                    <index>1</index>
                    <parameter>NT</parameter>
                    <value>1.684</value>
                </Input>
                <Output type="sp">
                    <index>1 2</index>
                    <parameter>T</parameter>
                    <value>34.8389</value>
                </Output>
                <Output type="sp">
                    <index>1 2</index>
                    <parameter>C</parameter>
                    <value>0.0106</value>
                </Output>
                <Output type="sp">
                    <index>1 3</index>
                    <parameter>T</parameter>
                    <value>35.9278</value>
                </Output>
            </Run>
            <Run No.="6">
                <Input type="unit">
                    <index>1</index>
                    <parameter>NT</parameter>
                    <value>1.921</value>
                </Input>
                <Output type="sp">
                    <index>1 2</index>
                    <parameter>T</parameter>
                    <value>34.8778</value>
                </Output>
                <Output type="sp">
                    <index>1 2</index>
                    <parameter>C</parameter>
                    <value>0.0103</value>
                </Output>
                <Output type="sp">
                    <index>1 3</index>
                    <parameter>T</parameter>
                    <value>36.05</value>
                </Output>
            </Run>
            <Run No.="7">
                <Input type="unit">
                    <index>1</index>
                    <parameter>NT</parameter>
                    <value>2.158</value>
                </Input>
                <Output type="sp">
                    <index>1 2</index>
                    <parameter>T</parameter>
                    <value>34.9056</value>
                </Output>
                <Output type="sp">
                    <index>1 2</index>
                    <parameter>C</parameter>
                    <value>0.0102</value>
                </Output>
                <Output type="sp">
                    <index>1 3</index>
                    <parameter>T</parameter>
                    <value>36.1444</value>
                </Output>
            </Run>
            <Run No.="8">
                <Input type="unit">
                    <index>1</index>
                    <parameter>NT</parameter>
                    <value>2.395</value>
                </Input>
                <Output type="sp">
                    <index>1 2</index>
                    <parameter>T</parameter>
                    <value>34.9222</value>
                </Output>
                <Output type="sp">
                    <index>1 2</index>
                    <parameter>C</parameter>
                    <value>0.01</value>
                </Output>
                <Output type="sp">
                    <index>1 3</index>
                    <parameter>T</parameter>
                    <value>36.2167</value>
                </Output>
            </Run>
            <Run No.="9">
                <Input type="unit">
                    <index>1</index>
                    <parameter>NT</parameter>
                    <value>2.632</value>
                </Input>
                <Output type="sp">
                    <index>1 2</index>
                    <parameter>T</parameter>
                    <value>34.9278</value>
                </Output>
                <Output type="sp">
                    <index>1 2</index>
                    <parameter>C</parameter>
                    <value>0.0099</value>
                </Output>
                <Output type="sp">
                    <index>1 3</index>
                    <parameter>T</parameter>
                    <value>36.2722</value>
                </Output>
            </Run>
            <Run No.="10">
                <Input type="unit">
                    <index>1</index>
                    <parameter>NT</parameter>
                    <value>2.868</value>
                </Input>
                <Output type="sp">
                    <index>1 2</index>
                    <parameter>T</parameter>
                    <value>34.9333</value>
                </Output>
                <Output type="sp">
                    <index>1 2</index>
                    <parameter>C</parameter>
                    <value>0.0098</value>
                </Output>
                <Output type="sp">
                    <index>1 3</index>
                    <parameter>T</parameter>
                    <value>36.3167</value>
                </Output>
            </Run>
            <Run No.="11">
                <Input type="unit">
                    <index>1</index>
                    <parameter>NT</parameter>
                    <value>3.105</value>
                </Input>
                <Output type="sp">
                    <index>1 2</index>
                    <parameter>T</parameter>
                    <value>34.9333</value>
                </Output>
                <Output type="sp">
                    <index>1 2</index>
                    <parameter>C</parameter>
                    <value>0.0098</value>
                </Output>
                <Output type="sp">
                    <index>1 3</index>
                    <parameter>T</parameter>
                    <value>36.3556</value>
                </Output>
            </Run>
            <Run No.="12">
                <Input type="unit">
                    <index>1</index>
                    <parameter>NT</parameter>
                    <value>3.342</value>
                </Input>
                <Output type="sp">
                    <index>1 2</index>
                    <parameter>T</parameter>
                    <value>34.9278</value>
                </Output>
                <Output type="sp">
                    <index>1 2</index>
                    <parameter>C</parameter>
                    <value>0.0097</value>
                </Output>
                <Output type="sp">
                    <index>1 3</index>
                    <parameter>T</parameter>
                    <value>36.3833</value>
                </Output>
            </Run>
            <Run No.="13">
                <Input type="unit">
                    <index>1</index>
                    <parameter>NT</parameter>
                    <value>3.579</value>
                </Input>
                <Output type="sp">
                    <index>1 2</index>
                    <parameter>T</parameter>
                    <value>34.9222</value>
                </Output>
                <Output type="sp">
                    <index>1 2</index>
                    <parameter>C</parameter>
                    <value>0.0097</value>
                </Output>
                <Output type="sp">
                    <index>1 3</index>
                    <parameter>T</parameter>
                    <value>36.4056</value>
                </Output>
            </Run>
            <Run No.="14">
                <Input type="unit">
                    <index>1</index>
                    <parameter>NT</parameter>
                    <value>3.816</value>
                </Input>
                <Output type="sp">
                    <index>1 2</index>
                    <parameter>T</parameter>
                    <value>34.9167</value>
                </Output>
                <Output type="sp">
                    <index>1 2</index>
                    <parameter>C</parameter>
                    <value>0.0096</value>
                </Output>
                <Output type="sp">
                    <index>1 3</index>
                    <parameter>T</parameter>
                    <value>36.4278</value>
                </Output>
            </Run>
            <Run No.="15">
                <Input type="unit">
                    <index>1</index>
                    <parameter>NT</parameter>
                    <value>4.053</value>
                </Input>
                <Output type="sp">
                    <index>1 2</index>
                    <parameter>T</parameter>
                    <value>34.9111</value>
                </Output>
                <Output type="sp">
                    <index>1 2</index>
                    <parameter>C</parameter>
                    <value>0.0096</value>
                </Output>
                <Output type="sp">
                    <index>1 3</index>
                    <parameter>T</parameter>
                    <value>36.4444</value>
                </Output>
            </Run>
            <Run No.="16">
                <Input type="unit">
                    <index>1</index>
                    <parameter>NT</parameter>
                    <value>4.289</value>
                </Input>
                <Output type="sp">
                    <index>1 2</index>
                    <parameter>T</parameter>
                    <value>34.9056</value>
                </Output>
                <Output type="sp">
                    <index>1 2</index>
                    <parameter>C</parameter>
                    <value>0.0096</value>
                </Output>
                <Output type="sp">
                    <index>1 3</index>
                    <parameter>T</parameter>
                    <value>36.4611</value>
                </Output>
            </Run>
            <Run No.="17">
                <Input type="unit">
                    <index>1</index>
                    <parameter>NT</parameter>
                    <value>4.526</value>
                </Input>
                <Output type="sp">
                    <index>1 2</index>
                    <parameter>T</parameter>
                    <value>34.8944</value>
                </Output>
                <Output type="sp">
                    <index>1 2</index>
                    <parameter>C</parameter>
                    <value>0.0096</value>
                </Output>
                <Output type="sp">
                    <index>1 3</index>
                    <parameter>T</parameter>
                    <value>36.4722</value>
                </Output>
            </Run>
            <Run No.="18">
                <Input type="unit">
                    <index>1</index>
                    <parameter>NT</parameter>
                    <value>4.763</value>
                </Input>
                <Output type="sp">
                    <index>1 2</index>
                    <parameter>T</parameter>
                    <value>34.8889</value>
                </Output>
                <Output type="sp">
                    <index>1 2</index>
                    <parameter>C</parameter>
                    <value>0.0095</value>
                </Output>
                <Output type="sp">
                    <index>1 3</index>
                    <parameter>T</parameter>
                    <value>36.4778</value>
                </Output>
            </Run>
            <header>NTU
 component#1
[ ];Temperature
State Point#2
[℃];Concentration
State Point#2
[%];Temperature
State Point#3
[℃]</header>
            <inputEntries>NTU, component#1,U1NT</inputEntries>
            <outputEntries>Temperature,State Point#2,P1 2T;Concentration,State Point#2,P1 2C;Temperature,State Point#3,P1 3T</outputEntries>
        </table_2>
    </TableData>
    <PlotData/>
    <plotData>
        <plot_1 tableName="table_1" outputs="2" scaleInfo="0,0,0,0,0,0,0,0" xAxisName="TemperatureState Point#21[℃]" plotType="parametric" runs="10" inputIndex="0" yAxisName="ConcentrationState Point#7[%],ConcentrationState Point#3[%]" outputIndex="2,3">
            <Run No.="0">
                <Input name="TemperatureState Point#21[℃]">
                    <value>60</value>
                </Input>
                <Output name="ConcentrationState Point#7[%]">
                    <value>36.8533</value>
                </Output>
                <Output name="ConcentrationState Point#3[%]">
                    <value>36.065</value>
                </Output>
            </Run>
            <Run No.="1">
                <Input name="TemperatureState Point#21[℃]">
                    <value>63.33</value>
                </Input>
                <Output name="ConcentrationState Point#7[%]">
                    <value>38.4328</value>
                </Output>
                <Output name="ConcentrationState Point#3[%]">
                    <value>37.5406</value>
                </Output>
            </Run>
            <Run No.="2">
                <Input name="TemperatureState Point#21[℃]">
                    <value>66.67</value>
                </Input>
                <Output name="ConcentrationState Point#7[%]">
                    <value>40.019</value>
                </Output>
                <Output name="ConcentrationState Point#3[%]">
                    <value>39.0224</value>
                </Output>
            </Run>
            <Run No.="3">
                <Input name="TemperatureState Point#21[℃]">
                    <value>70</value>
                </Input>
                <Output name="ConcentrationState Point#7[%]">
                    <value>41.6111</value>
                </Output>
                <Output name="ConcentrationState Point#3[%]">
                    <value>40.5084</value>
                </Output>
            </Run>
            <Run No.="4">
                <Input name="TemperatureState Point#21[℃]">
                    <value>73.33</value>
                </Input>
                <Output name="ConcentrationState Point#7[%]">
                    <value>43.2247</value>
                </Output>
                <Output name="ConcentrationState Point#3[%]">
                    <value>42.0151</value>
                </Output>
            </Run>
            <Run No.="5">
                <Input name="TemperatureState Point#21[℃]">
                    <value>76.67</value>
                </Input>
                <Output name="ConcentrationState Point#7[%]">
                    <value>44.874</value>
                </Output>
                <Output name="ConcentrationState Point#3[%]">
                    <value>43.5563</value>
                </Output>
            </Run>
            <Run No.="6">
                <Input name="TemperatureState Point#21[℃]">
                    <value>80</value>
                </Input>
                <Output name="ConcentrationState Point#7[%]">
                    <value>46.5582</value>
                </Output>
                <Output name="ConcentrationState Point#3[%]">
                    <value>45.1319</value>
                </Output>
            </Run>
            <Run No.="7">
                <Input name="TemperatureState Point#21[℃]">
                    <value>83.33</value>
                </Input>
                <Output name="ConcentrationState Point#7[%]">
                    <value>48.2908</value>
                </Output>
                <Output name="ConcentrationState Point#3[%]">
                    <value>46.7551</value>
                </Output>
            </Run>
            <Run No.="8">
                <Input name="TemperatureState Point#21[℃]">
                    <value>86.67</value>
                </Input>
                <Output name="ConcentrationState Point#7[%]">
                    <value>50.0858</value>
                </Output>
                <Output name="ConcentrationState Point#3[%]">
                    <value>48.4396</value>
                </Output>
            </Run>
            <Run No.="9">
                <Input name="TemperatureState Point#21[℃]">
                    <value>90</value>
                </Input>
                <Output name="ConcentrationState Point#7[%]">
                    <value>51.941</value>
                </Output>
                <Output name="ConcentrationState Point#3[%]">
                    <value>50.1837</value>
                </Output>
            </Run>
        </plot_1>
        <plot_2 tableName="table_1" outputs="1" scaleInfo="0,0,0,0,0,0,0,0" xAxisName="TemperatureState Point#21[℃]" plotType="parametric" runs="10" inputIndex="0" yAxisName="Heat Transfer Valuecomponent#10[kW]" outputIndex="1">
            <Run No.="0">
                <Input name="TemperatureState Point#21[℃]">
                    <value>60</value>
                </Input>
                <Output name="Heat Transfer Valuecomponent#10[kW]">
                    <value>4.3204</value>
                </Output>
            </Run>
            <Run No.="1">
                <Input name="TemperatureState Point#21[℃]">
                    <value>63.33</value>
                </Input>
                <Output name="Heat Transfer Valuecomponent#10[kW]">
                    <value>4.74504</value>
                </Output>
            </Run>
            <Run No.="2">
                <Input name="TemperatureState Point#21[℃]">
                    <value>66.67</value>
                </Input>
                <Output name="Heat Transfer Valuecomponent#10[kW]">
                    <value>5.15667</value>
                </Output>
            </Run>
            <Run No.="3">
                <Input name="TemperatureState Point#21[℃]">
                    <value>70</value>
                </Input>
                <Output name="Heat Transfer Valuecomponent#10[kW]">
                    <value>5.55212</value>
                </Output>
            </Run>
            <Run No.="4">
                <Input name="TemperatureState Point#21[℃]">
                    <value>73.33</value>
                </Input>
                <Output name="Heat Transfer Valuecomponent#10[kW]">
                    <value>5.93139</value>
                </Output>
            </Run>
            <Run No.="5">
                <Input name="TemperatureState Point#21[℃]">
                    <value>76.67</value>
                </Input>
                <Output name="Heat Transfer Valuecomponent#10[kW]">
                    <value>6.29466</value>
                </Output>
            </Run>
            <Run No.="6">
                <Input name="TemperatureState Point#21[℃]">
                    <value>80</value>
                </Input>
                <Output name="Heat Transfer Valuecomponent#10[kW]">
                    <value>6.63859</value>
                </Output>
            </Run>
            <Run No.="7">
                <Input name="TemperatureState Point#21[℃]">
                    <value>83.33</value>
                </Input>
                <Output name="Heat Transfer Valuecomponent#10[kW]">
                    <value>6.96283</value>
                </Output>
            </Run>
            <Run No.="8">
                <Input name="TemperatureState Point#21[℃]">
                    <value>86.67</value>
                </Input>
                <Output name="Heat Transfer Valuecomponent#10[kW]">
                    <value>7.26702</value>
                </Output>
            </Run>
            <Run No.="9">
                <Input name="TemperatureState Point#21[℃]">
                    <value>90</value>
                </Input>
                <Output name="Heat Transfer Valuecomponent#10[kW]">
                    <value>7.5473</value>
                </Output>
            </Run>
        </plot_2>
        <plot_3 tableName="table_1" outputs="1" scaleInfo="0,0,0,0,0,0,0,0" xAxisName="TemperatureState Point#21[℃]" plotType="parametric" runs="10" inputIndex="0" yAxisName="Moisture Removal Ratecomponent#1[kg/s]" outputIndex="5">
            <Run No.="0">
                <Input name="TemperatureState Point#21[℃]">
                    <value>60</value>
                </Input>
                <Output name="Moisture Removal Ratecomponent#1[kg/s]">
                    <value>0.00102929</value>
                </Output>
            </Run>
            <Run No.="1">
                <Input name="TemperatureState Point#21[℃]">
                    <value>63.33</value>
                </Input>
                <Output name="Moisture Removal Ratecomponent#1[kg/s]">
                    <value>0.00111895</value>
                </Output>
            </Run>
            <Run No.="2">
                <Input name="TemperatureState Point#21[℃]">
                    <value>66.67</value>
                </Input>
                <Output name="Moisture Removal Ratecomponent#1[kg/s]">
                    <value>0.00120333</value>
                </Output>
            </Run>
            <Run No.="3">
                <Input name="TemperatureState Point#21[℃]">
                    <value>70</value>
                </Input>
                <Output name="Moisture Removal Ratecomponent#1[kg/s]">
                    <value>0.00128232</value>
                </Output>
            </Run>
            <Run No.="4">
                <Input name="TemperatureState Point#21[℃]">
                    <value>73.33</value>
                </Input>
                <Output name="Moisture Removal Ratecomponent#1[kg/s]">
                    <value>0.001356</value>
                </Output>
            </Run>
            <Run No.="5">
                <Input name="TemperatureState Point#21[℃]">
                    <value>76.67</value>
                </Input>
                <Output name="Moisture Removal Ratecomponent#1[kg/s]">
                    <value>0.00142466</value>
                </Output>
            </Run>
            <Run No.="6">
                <Input name="TemperatureState Point#21[℃]">
                    <value>80</value>
                </Input>
                <Output name="Moisture Removal Ratecomponent#1[kg/s]">
                    <value>0.00148793</value>
                </Output>
            </Run>
            <Run No.="7">
                <Input name="TemperatureState Point#21[℃]">
                    <value>83.33</value>
                </Input>
                <Output name="Moisture Removal Ratecomponent#1[kg/s]">
                    <value>0.00154611</value>
                </Output>
            </Run>
            <Run No.="8">
                <Input name="TemperatureState Point#21[℃]">
                    <value>86.67</value>
                </Input>
                <Output name="Moisture Removal Ratecomponent#1[kg/s]">
                    <value>0.00159945</value>
                </Output>
            </Run>
            <Run No.="9">
                <Input name="TemperatureState Point#21[℃]">
                    <value>90</value>
                </Input>
                <Output name="Moisture Removal Ratecomponent#1[kg/s]">
                    <value>0.00164773</value>
                </Output>
            </Run>
        </plot_3>
        <plot_4 tableName="table_2" outputs="1" scaleInfo="0,0,0,0,0,0,0,0" xAxisName="NTU component#1[ ]" plotType="parametric" runs="19" inputIndex="0" yAxisName="TemperatureState Point#2[℃]" outputIndex="1">
            <Run No.="0">
                <Input name="NTU component#1[ ]">
                    <value>0.5</value>
                </Input>
                <Output name="TemperatureState Point#2[℃]">
                    <value>31.2444</value>
                </Output>
            </Run>
            <Run No.="1">
                <Input name="NTU component#1[ ]">
                    <value>0.7368</value>
                </Input>
                <Output name="TemperatureState Point#2[℃]">
                    <value>31.8722</value>
                </Output>
            </Run>
            <Run No.="2">
                <Input name="NTU component#1[ ]">
                    <value>0.9737</value>
                </Input>
                <Output name="TemperatureState Point#2[℃]">
                    <value>32.3944</value>
                </Output>
            </Run>
            <Run No.="3">
                <Input name="NTU component#1[ ]">
                    <value>1.211</value>
                </Input>
                <Output name="TemperatureState Point#2[℃]">
                    <value>32.8167</value>
                </Output>
            </Run>
            <Run No.="4">
                <Input name="NTU component#1[ ]">
                    <value>1.447</value>
                </Input>
                <Output name="TemperatureState Point#2[℃]">
                    <value>33.1444</value>
                </Output>
            </Run>
            <Run No.="5">
                <Input name="NTU component#1[ ]">
                    <value>1.684</value>
                </Input>
                <Output name="TemperatureState Point#2[℃]">
                    <value>33.4056</value>
                </Output>
            </Run>
            <Run No.="6">
                <Input name="NTU component#1[ ]">
                    <value>1.921</value>
                </Input>
                <Output name="TemperatureState Point#2[℃]">
                    <value>33.6</value>
                </Output>
            </Run>
            <Run No.="7">
                <Input name="NTU component#1[ ]">
                    <value>2.158</value>
                </Input>
                <Output name="TemperatureState Point#2[℃]">
                    <value>33.7556</value>
                </Output>
            </Run>
            <Run No.="8">
                <Input name="NTU component#1[ ]">
                    <value>2.395</value>
                </Input>
                <Output name="TemperatureState Point#2[℃]">
                    <value>33.8722</value>
                </Output>
            </Run>
            <Run No.="9">
                <Input name="NTU component#1[ ]">
                    <value>2.632</value>
                </Input>
                <Output name="TemperatureState Point#2[℃]">
                    <value>33.9556</value>
                </Output>
            </Run>
            <Run No.="10">
                <Input name="NTU component#1[ ]">
                    <value>2.868</value>
                </Input>
                <Output name="TemperatureState Point#2[℃]">
                    <value>34.0222</value>
                </Output>
            </Run>
            <Run No.="11">
                <Input name="NTU component#1[ ]">
                    <value>3.105</value>
                </Input>
                <Output name="TemperatureState Point#2[℃]">
                    <value>34.0722</value>
                </Output>
            </Run>
            <Run No.="12">
                <Input name="NTU component#1[ ]">
                    <value>3.342</value>
                </Input>
                <Output name="TemperatureState Point#2[℃]">
                    <value>34.1111</value>
                </Output>
            </Run>
            <Run No.="13">
                <Input name="NTU component#1[ ]">
                    <value>3.579</value>
                </Input>
                <Output name="TemperatureState Point#2[℃]">
                    <value>34.1389</value>
                </Output>
            </Run>
            <Run No.="14">
                <Input name="NTU component#1[ ]">
                    <value>3.816</value>
                </Input>
                <Output name="TemperatureState Point#2[℃]">
                    <value>34.1556</value>
                </Output>
            </Run>
            <Run No.="15">
                <Input name="NTU component#1[ ]">
                    <value>4.053</value>
                </Input>
                <Output name="TemperatureState Point#2[℃]">
                    <value>34.1722</value>
                </Output>
            </Run>
            <Run No.="16">
                <Input name="NTU component#1[ ]">
                    <value>4.289</value>
                </Input>
                <Output name="TemperatureState Point#2[℃]">
                    <value>34.1778</value>
                </Output>
            </Run>
            <Run No.="17">
                <Input name="NTU component#1[ ]">
                    <value>4.526</value>
                </Input>
                <Output name="TemperatureState Point#2[℃]">
                    <value>34.1889</value>
                </Output>
            </Run>
            <Run No.="18">
                <Input name="NTU component#1[ ]">
                    <value>4.763</value>
                </Input>
                <Output name="TemperatureState Point#2[℃]">
                    <value>34.1944</value>
                </Output>
            </Run>
        </plot_4>
        <plot_5 tableName="table_2" outputs="1" scaleInfo="0,0,0,0,0,0,0,0" xAxisName="NTU component#1[ ]" plotType="parametric" runs="19" inputIndex="0" yAxisName="ConcentrationState Point#2[%]" outputIndex="2">
            <Run No.="0">
                <Input name="NTU component#1[ ]">
                    <value>0.5</value>
                </Input>
                <Output name="ConcentrationState Point#2[%]">
                    <value>0.0138</value>
                </Output>
            </Run>
            <Run No.="1">
                <Input name="NTU component#1[ ]">
                    <value>0.7368</value>
                </Input>
                <Output name="ConcentrationState Point#2[%]">
                    <value>0.0126</value>
                </Output>
            </Run>
            <Run No.="2">
                <Input name="NTU component#1[ ]">
                    <value>0.9737</value>
                </Input>
                <Output name="ConcentrationState Point#2[%]">
                    <value>0.0118</value>
                </Output>
            </Run>
            <Run No.="3">
                <Input name="NTU component#1[ ]">
                    <value>1.211</value>
                </Input>
                <Output name="ConcentrationState Point#2[%]">
                    <value>0.0112</value>
                </Output>
            </Run>
            <Run No.="4">
                <Input name="NTU component#1[ ]">
                    <value>1.447</value>
                </Input>
                <Output name="ConcentrationState Point#2[%]">
                    <value>0.0108</value>
                </Output>
            </Run>
            <Run No.="5">
                <Input name="NTU component#1[ ]">
                    <value>1.684</value>
                </Input>
                <Output name="ConcentrationState Point#2[%]">
                    <value>0.0105</value>
                </Output>
            </Run>
            <Run No.="6">
                <Input name="NTU component#1[ ]">
                    <value>1.921</value>
                </Input>
                <Output name="ConcentrationState Point#2[%]">
                    <value>0.0102</value>
                </Output>
            </Run>
            <Run No.="7">
                <Input name="NTU component#1[ ]">
                    <value>2.158</value>
                </Input>
                <Output name="ConcentrationState Point#2[%]">
                    <value>0.01</value>
                </Output>
            </Run>
            <Run No.="8">
                <Input name="NTU component#1[ ]">
                    <value>2.395</value>
                </Input>
                <Output name="ConcentrationState Point#2[%]">
                    <value>0.0099</value>
                </Output>
            </Run>
            <Run No.="9">
                <Input name="NTU component#1[ ]">
                    <value>2.632</value>
                </Input>
                <Output name="ConcentrationState Point#2[%]">
                    <value>0.0098</value>
                </Output>
            </Run>
            <Run No.="10">
                <Input name="NTU component#1[ ]">
                    <value>2.868</value>
                </Input>
                <Output name="ConcentrationState Point#2[%]">
                    <value>0.0097</value>
                </Output>
            </Run>
            <Run No.="11">
                <Input name="NTU component#1[ ]">
                    <value>3.105</value>
                </Input>
                <Output name="ConcentrationState Point#2[%]">
                    <value>0.0096</value>
                </Output>
            </Run>
            <Run No.="12">
                <Input name="NTU component#1[ ]">
                    <value>3.342</value>
                </Input>
                <Output name="ConcentrationState Point#2[%]">
                    <value>0.0096</value>
                </Output>
            </Run>
            <Run No.="13">
                <Input name="NTU component#1[ ]">
                    <value>3.579</value>
                </Input>
                <Output name="ConcentrationState Point#2[%]">
                    <value>0.0095</value>
                </Output>
            </Run>
            <Run No.="14">
                <Input name="NTU component#1[ ]">
                    <value>3.816</value>
                </Input>
                <Output name="ConcentrationState Point#2[%]">
                    <value>0.0095</value>
                </Output>
            </Run>
            <Run No.="15">
                <Input name="NTU component#1[ ]">
                    <value>4.053</value>
                </Input>
                <Output name="ConcentrationState Point#2[%]">
                    <value>0.0095</value>
                </Output>
            </Run>
            <Run No.="16">
                <Input name="NTU component#1[ ]">
                    <value>4.289</value>
                </Input>
                <Output name="ConcentrationState Point#2[%]">
                    <value>0.0094</value>
                </Output>
            </Run>
            <Run No.="17">
                <Input name="NTU component#1[ ]">
                    <value>4.526</value>
                </Input>
                <Output name="ConcentrationState Point#2[%]">
                    <value>0.0094</value>
                </Output>
            </Run>
            <Run No.="18">
                <Input name="NTU component#1[ ]">
                    <value>4.763</value>
                </Input>
                <Output name="ConcentrationState Point#2[%]">
                    <value>0.0094</value>
                </Output>
            </Run>
        </plot_5>
        <plot_6 tableName="table_2" outputs="2" scaleInfo="0,0,0,0,0,0,0,0" xAxisName="NTU component#1[ ]" plotType="parametric" runs="19" inputIndex="0" yAxisName="TemperatureState Point#2[℃],TemperatureState Point#3[℃]" outputIndex="1,3">
            <Run No.="0">
                <Input name="NTU component#1[ ]">
                    <value>0.5</value>
                </Input>
                <Output name="TemperatureState Point#2[℃]">
                    <value>34.4389</value>
                </Output>
                <Output name="TemperatureState Point#3[℃]">
                    <value>34.1667</value>
                </Output>
            </Run>
            <Run No.="1">
                <Input name="NTU component#1[ ]">
                    <value>0.7368</value>
                </Input>
                <Output name="TemperatureState Point#2[℃]">
                    <value>34.5222</value>
                </Output>
                <Output name="TemperatureState Point#3[℃]">
                    <value>34.8278</value>
                </Output>
            </Run>
            <Run No.="2">
                <Input name="NTU component#1[ ]">
                    <value>0.9737</value>
                </Input>
                <Output name="TemperatureState Point#2[℃]">
                    <value>34.6222</value>
                </Output>
                <Output name="TemperatureState Point#3[℃]">
                    <value>35.2611</value>
                </Output>
            </Run>
            <Run No.="3">
                <Input name="NTU component#1[ ]">
                    <value>1.211</value>
                </Input>
                <Output name="TemperatureState Point#2[℃]">
                    <value>34.9444</value>
                </Output>
                <Output name="TemperatureState Point#3[℃]">
                    <value>35.1056</value>
                </Output>
            </Run>
            <Run No.="4">
                <Input name="NTU component#1[ ]">
                    <value>1.447</value>
                </Input>
                <Output name="TemperatureState Point#2[℃]">
                    <value>34.7833</value>
                </Output>
                <Output name="TemperatureState Point#3[℃]">
                    <value>35.7722</value>
                </Output>
            </Run>
            <Run No.="5">
                <Input name="NTU component#1[ ]">
                    <value>1.684</value>
                </Input>
                <Output name="TemperatureState Point#2[℃]">
                    <value>34.8389</value>
                </Output>
                <Output name="TemperatureState Point#3[℃]">
                    <value>35.9278</value>
                </Output>
            </Run>
            <Run No.="6">
                <Input name="NTU component#1[ ]">
                    <value>1.921</value>
                </Input>
                <Output name="TemperatureState Point#2[℃]">
                    <value>34.8778</value>
                </Output>
                <Output name="TemperatureState Point#3[℃]">
                    <value>36.05</value>
                </Output>
            </Run>
            <Run No.="7">
                <Input name="NTU component#1[ ]">
                    <value>2.158</value>
                </Input>
                <Output name="TemperatureState Point#2[℃]">
                    <value>34.9056</value>
                </Output>
                <Output name="TemperatureState Point#3[℃]">
                    <value>36.1444</value>
                </Output>
            </Run>
            <Run No.="8">
                <Input name="NTU component#1[ ]">
                    <value>2.395</value>
                </Input>
                <Output name="TemperatureState Point#2[℃]">
                    <value>34.9222</value>
                </Output>
                <Output name="TemperatureState Point#3[℃]">
                    <value>36.2167</value>
                </Output>
            </Run>
            <Run No.="9">
                <Input name="NTU component#1[ ]">
                    <value>2.632</value>
                </Input>
                <Output name="TemperatureState Point#2[℃]">
                    <value>34.9278</value>
                </Output>
                <Output name="TemperatureState Point#3[℃]">
                    <value>36.2722</value>
                </Output>
            </Run>
            <Run No.="10">
                <Input name="NTU component#1[ ]">
                    <value>2.868</value>
                </Input>
                <Output name="TemperatureState Point#2[℃]">
                    <value>34.9333</value>
                </Output>
                <Output name="TemperatureState Point#3[℃]">
                    <value>36.3167</value>
                </Output>
            </Run>
            <Run No.="11">
                <Input name="NTU component#1[ ]">
                    <value>3.105</value>
                </Input>
                <Output name="TemperatureState Point#2[℃]">
                    <value>34.9333</value>
                </Output>
                <Output name="TemperatureState Point#3[℃]">
                    <value>36.3556</value>
                </Output>
            </Run>
            <Run No.="12">
                <Input name="NTU component#1[ ]">
                    <value>3.342</value>
                </Input>
                <Output name="TemperatureState Point#2[℃]">
                    <value>34.9278</value>
                </Output>
                <Output name="TemperatureState Point#3[℃]">
                    <value>36.3833</value>
                </Output>
            </Run>
            <Run No.="13">
                <Input name="NTU component#1[ ]">
                    <value>3.579</value>
                </Input>
                <Output name="TemperatureState Point#2[℃]">
                    <value>34.9222</value>
                </Output>
                <Output name="TemperatureState Point#3[℃]">
                    <value>36.4056</value>
                </Output>
            </Run>
            <Run No.="14">
                <Input name="NTU component#1[ ]">
                    <value>3.816</value>
                </Input>
                <Output name="TemperatureState Point#2[℃]">
                    <value>34.9167</value>
                </Output>
                <Output name="TemperatureState Point#3[℃]">
                    <value>36.4278</value>
                </Output>
            </Run>
            <Run No.="15">
                <Input name="NTU component#1[ ]">
                    <value>4.053</value>
                </Input>
                <Output name="TemperatureState Point#2[℃]">
                    <value>34.9111</value>
                </Output>
                <Output name="TemperatureState Point#3[℃]">
                    <value>36.4444</value>
                </Output>
            </Run>
            <Run No.="16">
                <Input name="NTU component#1[ ]">
                    <value>4.289</value>
                </Input>
                <Output name="TemperatureState Point#2[℃]">
                    <value>34.9056</value>
                </Output>
                <Output name="TemperatureState Point#3[℃]">
                    <value>36.4611</value>
                </Output>
            </Run>
            <Run No.="17">
                <Input name="NTU component#1[ ]">
                    <value>4.526</value>
                </Input>
                <Output name="TemperatureState Point#2[℃]">
                    <value>34.8944</value>
                </Output>
                <Output name="TemperatureState Point#3[℃]">
                    <value>36.4722</value>
                </Output>
            </Run>
            <Run No.="18">
                <Input name="NTU component#1[ ]">
                    <value>4.763</value>
                </Input>
                <Output name="TemperatureState Point#2[℃]">
                    <value>34.8889</value>
                </Output>
                <Output name="TemperatureState Point#3[℃]">
                    <value>36.4778</value>
                </Output>
            </Run>
        </plot_6>
        <plot_7 tableName="table_1" outputs="2" scaleInfo="0,0,0,0,0,0,0,0" xAxisName="TemperatureState Point#21[℃]" plotType="parametric" runs="7" inputIndex="0" yAxisName="ConcentrationState Point#7[%],ConcentrationState Point#3[%]" outputIndex="2,3">
            <Run No.="0">
                <Input name="TemperatureState Point#21[℃]">
                    <value>60</value>
                </Input>
                <Output name="ConcentrationState Point#7[%]">
                    <value>36.8533</value>
                </Output>
                <Output name="ConcentrationState Point#3[%]">
                    <value>36.065</value>
                </Output>
            </Run>
            <Run No.="1">
                <Input name="TemperatureState Point#21[℃]">
                    <value>63.33</value>
                </Input>
                <Output name="ConcentrationState Point#7[%]">
                    <value>38.4328</value>
                </Output>
                <Output name="ConcentrationState Point#3[%]">
                    <value>37.5406</value>
                </Output>
            </Run>
            <Run No.="2">
                <Input name="TemperatureState Point#21[℃]">
                    <value>66.67</value>
                </Input>
                <Output name="ConcentrationState Point#7[%]">
                    <value>40.019</value>
                </Output>
                <Output name="ConcentrationState Point#3[%]">
                    <value>39.0224</value>
                </Output>
            </Run>
            <Run No.="3">
                <Input name="TemperatureState Point#21[℃]">
                    <value>70</value>
                </Input>
                <Output name="ConcentrationState Point#7[%]">
                    <value>41.6111</value>
                </Output>
                <Output name="ConcentrationState Point#3[%]">
                    <value>40.5084</value>
                </Output>
            </Run>
            <Run No.="4">
                <Input name="TemperatureState Point#21[℃]">
                    <value>73.33</value>
                </Input>
                <Output name="ConcentrationState Point#7[%]">
                    <value>43.2247</value>
                </Output>
                <Output name="ConcentrationState Point#3[%]">
                    <value>42.0151</value>
                </Output>
            </Run>
            <Run No.="5">
                <Input name="TemperatureState Point#21[℃]">
                    <value>76.67</value>
                </Input>
                <Output name="ConcentrationState Point#7[%]">
                    <value>44.874</value>
                </Output>
                <Output name="ConcentrationState Point#3[%]">
                    <value>43.5563</value>
                </Output>
            </Run>
            <Run No.="6">
                <Input name="TemperatureState Point#21[℃]">
                    <value>80</value>
                </Input>
                <Output name="ConcentrationState Point#7[%]">
                    <value>46.5582</value>
                </Output>
                <Output name="ConcentrationState Point#3[%]">
                    <value>45.1319</value>
                </Output>
            </Run>
        </plot_7>
    </plotData>
</root>
