<?xml version='1.0' encoding='UTF-8'?>
<root version="v1.0">
    <CaseData>
        <Unit7 insideMerged="F" cat="32" devl="0" ua="0" ipinch="0" idunit="81" ntum="1" xCoord="143.485" nIter="100" iht="1" ntut="1" ntu="0" icop="0" mrate="0" rotation="0" ipinchr="0" lmtd="0" ht="3.15933" humeff="0" yCoord="186.167" devg="0" eff="0" wetness="1" nu="7" ntua="1" usp="3" horizontalFlip="1" verticalFlip="1" htr="0" le="1">
            <ResultCoord res2="-15,-117" res1="128,-193" resComp="56,36" res0="-106,-20"/>
            <StatePoint1 otherEndLocalSP="3" ipfix="0" pr="0" w="0" t="134.618" iffix="3" ksub="9" hr="88.86" tr="134.61" link="1" localInd="1" fr="7.349" icfix="4" otherEndUnit="5" cr="39.1292" f="7.34933" c="39.13" p="0" ndum="14" iwfix="0" wr="0" itfix="3"/>
            <StatePoint2 ipfix="0" pr="0" w="0" t="134.618" iffix="0" ksub="9" hr="88.86" tr="134.61" localInd="2" fr="66.139" icfix="4" cr="39.1292" f="66.1387" c="39.13" p="0" ndum="16" iwfix="0" wr="0" itfix="3"/>
            <StatePoint3 otherEndLocalSP="3" ipfix="0" pr="0" w="0" t="134.618" iffix="1" ksub="9" hr="88.86" tr="134.61" link="1" localInd="3" fr="73.487" icfix="4" otherEndUnit="3" cr="39.1292" f="73.4933" c="39.13" p="0" ndum="10" iwfix="0" wr="0" itfix="3"/>
        </Unit7>
        <Unit8 insideMerged="F" cat="43.51" devl="0" ua="15.8" ipinch="0" idunit="33" ntum="1" xCoord="5.77531" nIter="100" iht="1" ntut="1" ntu="3" icop="0" mrate="0" rotation="1" ipinchr="0" lmtd="11.73" ht="15.7967" humeff="0" yCoord="-151.718" devg="0" eff="0.754" wetness="1" nu="8" ntua="1" usp="4" horizontalFlip="1" verticalFlip="-1" htr="185.32" le="1">
            <ResultCoord res3="85,112" res2="40,-70" res1="-49,-41" resComp="82,44" res0="-26,94"/>
            <StatePoint1 ipfix="0" pr="14.69" w="1" t="86" iffix="0" ksub="10" hr="33.86" tr="86" link="0" localInd="1" fr="21.164" icfix="0" cr="0.019" f="21.1644" c="0.019" p="14.6926" ndum="17" iwfix="0" wr="1" itfix="0"/>
            <StatePoint2 otherEndLocalSP="4" ipfix="0" pr="14.69" w="1" t="121.226" iffix="0" ksub="10" hr="42.61" tr="121.22" link="1" localInd="2" fr="21.164" icfix="0" otherEndUnit="2" cr="0.019" f="21.1644" c="0.019" p="14.6926" ndum="8" iwfix="0" wr="1" itfix="1"/>
            <StatePoint3 otherEndLocalSP="2" ipfix="0" pr="14.69" w="1" t="132.728" iffix="0" ksub="10" hr="53.61" tr="132.73" link="1" localInd="3" fr="21.164" icfix="2" otherEndUnit="2" cr="0.0263" f="21.1644" c="0.0263" p="14.6926" ndum="6" iwfix="0" wr="1" itfix="1"/>
            <StatePoint4 ipfix="0" pr="14.69" w="1" t="97.952" iffix="0" ksub="10" hr="44.85" tr="97.96" link="0" localInd="4" fr="21.164" icfix="2" cr="0.0263" f="21.1644" c="0.0263" p="14.6926" ndum="18" iwfix="0" wr="1" itfix="1"/>
        </Unit8>
        <Unit9 insideMerged="F" cat="38.14" devl="0" ua="31.59" ipinch="0" idunit="33" ntum="1" xCoord="-281.387" nIter="100" iht="1" ntut="1" ntu="0.5" icop="0" mrate="0" rotation="2" ipinchr="0" lmtd="6.18" ht="31.5933" humeff="0" yCoord="-104.934" devg="0" eff="0.325" wetness="1" nu="9" ntua="1" usp="4" horizontalFlip="-1" verticalFlip="1" htr="195.22" le="1">
            <ResultCoord res3="32,134" res2="40,-70" res1="-102,-30" resComp="-191,20" res0="-84,80"/>
            <StatePoint1 ipfix="0" pr="0" w="0" t="86" iffix="0" ksub="3" hr="54.04" tr="86" link="0" localInd="1" fr="66.139" icfix="0" cr="0" f="66.1387" c="0" p="0" ndum="19" iwfix="0" wr="0" itfix="0"/>
            <StatePoint2 ipfix="0" pr="0" w="0" t="88.952" iffix="0" ksub="3" hr="57" tr="88.96" link="0" localInd="2" fr="66.139" icfix="0" cr="0" f="66.1387" c="0" p="0" ndum="20" iwfix="0" wr="0" itfix="1"/>
            <StatePoint3 otherEndLocalSP="1" ipfix="0" pr="0" w="0" t="94.964" iffix="4" ksub="9" hr="61.08" tr="95.1" link="1" localInd="3" fr="103.558" icfix="3" otherEndUnit="6" cr="38.327" f="113.983" c="38.33" p="0" ndum="15" iwfix="0" wr="0" itfix="2"/>
            <StatePoint4 otherEndLocalSP="1" ipfix="0" pr="0" w="0" t="92.336" iffix="4" ksub="9" hr="59.19" tr="92.21" link="1" localInd="4" fr="103.558" icfix="3" otherEndUnit="1" cr="38.327" f="113.983" c="38.33" p="0" ndum="1" iwfix="0" wr="0" itfix="1"/>
        </Unit9>
        <Unit10 insideMerged="F" cat="39.8" devl="0" ua="31.59" ipinch="0" idunit="33" ntum="1" xCoord="260.68" nIter="100" iht="1" ntut="1" ntu="0.7" icop="0" mrate="0" rotation="0" ipinchr="0" lmtd="8.92" ht="31.5933" humeff="0" yCoord="-109.058" devg="0" eff="0.458" wetness="1" nu="10" ntua="1" usp="4" horizontalFlip="1" verticalFlip="1" htr="281.66" le="1">
            <ResultCoord res3="40,44" res2="38,-77" res1="-94,-62" resComp="99,-25" res0="-55,50"/>
            <StatePoint1 otherEndLocalSP="2" ipfix="0" pr="0" w="0" t="134.618" iffix="0" ksub="9" hr="88.86" tr="134.61" link="1" localInd="1" fr="66.139" icfix="4" otherEndUnit="7" cr="39.1292" f="66.1387" c="39.13" p="0" ndum="16" iwfix="0" wr="0" itfix="3"/>
            <StatePoint2 otherEndLocalSP="1" ipfix="0" pr="0" w="0" t="141.206" iffix="0" ksub="9" hr="93.12" tr="141.2" link="1" localInd="2" fr="66.139" icfix="4" otherEndUnit="2" cr="39.1292" f="66.1387" c="39.13" p="0" ndum="5" iwfix="0" wr="0" itfix="1"/>
            <StatePoint3 ipfix="0" pr="0" w="0" t="149" iffix="0" ksub="3" hr="116.96" tr="149" link="0" localInd="3" fr="66.139" icfix="0" cr="0" f="66.1387" c="0" p="0" ndum="21" iwfix="0" wr="0" itfix="0"/>
            <StatePoint4 ipfix="0" pr="0" w="0" t="144.734" iffix="0" ksub="3" hr="112.7" tr="144.74" link="0" localInd="4" fr="66.139" icfix="0" cr="0" f="66.1387" c="0" p="0" ndum="22" iwfix="0" wr="0" itfix="1"/>
        </Unit10>
        <globalData tmax="158" fmax="132.277" textCount="6" spnumber="16" tmin="77" COPX="0" COPY="0" maxfev="500" capacity="0" COP="0" ftol="1e-05" xtol="1e-05" globalcount="6" pmax="14.6926">
            <textItem0 text="Dehumidifier" underline="0" size="9" yCoord="-206.45" bold="1" xCoord="-111.507" italic="0" color="#000000"/>
            <textItem1 text="Cooler" underline="0" size="9" yCoord="-33.6094" bold="1" xCoord="-225.12" italic="0" color="#000000"/>
            <textItem2 text="Regenerator" underline="0" size="9" yCoord="-74.3493" bold="1" xCoord="232.961" italic="0" color="#000000"/>
            <textItem3 text="Heater" underline="0" size="9" yCoord="-168.505" bold="1" xCoord="61.8803" italic="0" color="#000000"/>
            <textItem4 text="Air-air&#xa;Heat Exchanger" underline="0" size="9" yCoord="-234.136" bold="1" xCoord="119.431" italic="0" color="#000000"/>
            <textItem5 text="Solution-solution&#xa;Heat Exchanger" underline="0" size="9" yCoord="74.1223" bold="1" xCoord="-44.0688" italic="0" color="#000000"/>
        </globalData>
        <Unit1 insideMerged="F" cat="32" devl="0" ua="0" ipinch="0" idunit="164" ntum="2" xCoord="-110.989" nIter="100" iht="2" ntut="0" ntu="0" icop="0" rotation="0" ipinchr="0" mrate="0.278894" ht="2" lmtd="0" devg="0" yCoord="-26.548" humeff="0.839324" eff="0" wetness="1" nu="1" ntua="0" usp="4" horizontalFlip="1" verticalFlip="1" le="1" htr="0">
            <ResultCoord res2="20,63" res3="-73,39" res1="-101,-160" resComp="-74,-245" res0="35,-110"/>
            <StatePoint1 ipfix="0" pr="0" w="0" t="98.132" iffix="0" ksub="9" hr="59.2" tr="89.9" localInd="1" fr="66.139" icfix="4" f="66.1387" cr="38.8625" c="37.14" p="0" ndum="1" iwfix="0" wr="0" itfix="1"/>
            <StatePoint2 ipfix="0" pr="14.69" w="1" t="97.214" iffix="0" ksub="10" hr="23.43" tr="90.76" link="0" localInd="2" fr="26.455" icfix="1" f="26.4555" cr="0.0085" c="0.0114" p="14.6926" ndum="2" iwfix="0" wr="1" itfix="1"/>
            <StatePoint3 ipfix="0" pr="0" w="0" t="101.678" iffix="2" ksub="9" hr="63.1" tr="96.63" localInd="3" fr="66.418" icfix="3" f="66.3371" cr="38.6993" c="37.02" p="0" ndum="3" iwfix="0" wr="0" itfix="1"/>
            <StatePoint4 ipfix="0" pr="14.69" w="1" t="86" iffix="0" ksub="10" hr="33.86" tr="86" link="0" localInd="4" fr="26.455" icfix="0" f="26.4555" cr="0.019" c="0.019" p="14.6926" ndum="4" iwfix="0" wr="1" itfix="0"/>
        </Unit1>
        <Unit2 insideMerged="F" cat="32" devl="0" ua="0" ipinch="0" idunit="184" ntum="2" xCoord="142.016" nIter="100" iht="2" ntut="0" ntu="0" icop="0" rotation="0" ipinchr="0" mrate="0.278894" ht="2" lmtd="0" devg="0" yCoord="12.6799" humeff="0.721964" eff="0" wetness="1" nu="2" ntua="0" usp="4" horizontalFlip="-1" verticalFlip="1" le="1" htr="0">
            <ResultCoord res2="120,170" res3="-177,27" res1="33,-126" resComp="164,-255" res0="35,-110"/>
            <StatePoint1 ipfix="0" pr="0" w="0" t="132.404" iffix="2" ksub="9" hr="92.16" tr="141.38" localInd="1" fr="66.418" icfix="3" f="66.3371" cr="38.6993" c="37.02" p="0" ndum="5" iwfix="0" wr="0" itfix="1"/>
            <StatePoint2 ipfix="0" pr="14.69" w="1" t="128.642" iffix="0" ksub="10" hr="58.26" tr="136.62" localInd="2" fr="26.455" icfix="2" f="26.4555" cr="0.0295" c="0.0266" p="14.6926" ndum="6" iwfix="0" wr="1" itfix="1"/>
            <StatePoint3 ipfix="0" pr="0" w="0" t="125.384" iffix="0" ksub="9" hr="86.36" tr="131.81" localInd="3" fr="66.139" icfix="4" f="66.1387" cr="38.8625" c="37.14" p="0" ndum="7" iwfix="0" wr="0" itfix="1"/>
            <StatePoint4 ipfix="0" pr="14.69" w="1" t="116.24" iffix="0" ksub="10" hr="42.8" tr="121.97" localInd="4" fr="26.455" icfix="0" f="26.4555" cr="0.019" c="0.019" p="14.6926" ndum="8" iwfix="0" wr="1" itfix="1"/>
        </Unit2>
        <Unit3 insideMerged="F" cat="36.12" devl="0" ua="315.93" ipinch="0" idunit="33" ntum="1" xCoord="-35.0943" nIter="100" iht="1" ntut="1" ntu="7.4" icop="0" rotation="1" ipinchr="0" mrate="0" ht="315.933" lmtd="4.21" devg="0" yCoord="133.997" humeff="0" eff="0.883" wetness="1" nu="3" ntua="1" usp="4" horizontalFlip="1" verticalFlip="1" le="1" htr="1331.33">
            <ResultCoord res2="40,-70" res3="3,133" res1="-102,-12" resComp="127,46" res0="-66,65"/>
            <StatePoint1 otherEndLocalSP="3" ipfix="0" pr="0" w="0" t="101.678" iffix="2" ksub="9" hr="63.1" tr="96.63" link="1" localInd="1" fr="66.418" icfix="3" f="66.3371" cr="38.6993" c="37.02" otherEndUnit="1" p="0" ndum="3" iwfix="0" wr="0" itfix="1"/>
            <StatePoint2 ipfix="0" pr="0" w="0" t="111.596" iffix="2" ksub="9" hr="83.15" tr="127.49" localInd="2" fr="66.418" icfix="3" f="66.3371" cr="38.6993" c="37.02" p="0" ndum="9" iwfix="0" wr="0" itfix="1"/>
            <StatePoint3 otherEndLocalSP="3" ipfix="0" pr="0" w="0" t="125.384" iffix="0" ksub="9" hr="86.36" tr="131.81" link="1" localInd="3" fr="66.139" icfix="4" f="66.1387" cr="38.8625" c="37.14" otherEndUnit="2" p="0" ndum="7" iwfix="0" wr="0" itfix="1"/>
            <StatePoint4 ipfix="0" pr="0" w="0" t="115.43" iffix="0" ksub="9" hr="66.23" tr="100.75" localInd="4" fr="66.139" icfix="4" f="66.1387" cr="38.8625" c="37.14" p="0" ndum="10" iwfix="0" wr="0" itfix="1"/>
        </Unit3>
        <Unit4 insideMerged="F" cat="46.65" devl="0" ua="15.8" ipinch="0" idunit="33" ntum="1" xCoord="213.276" nIter="100" iht="1" ntut="1" ntu="2.4" icop="0" rotation="12" ipinchr="0" mrate="0" ht="15.7967" lmtd="14.98" devg="0" yCoord="-108.535" humeff="0" eff="0.711" wetness="1" nu="4" ntua="1" usp="4" horizontalFlip="-1" verticalFlip="-1" le="1" htr="236.61">
            <ResultCoord res2="40,-70" res3="88,100" res1="50,-198" resComp="72,173" res0="6,138"/>
            <StatePoint1 ipfix="0" pr="14.69" w="1" t="86" iffix="0" ksub="10" hr="33.86" tr="86" link="0" localInd="1" fr="26.455" icfix="0" f="26.4555" cr="0.019" c="0.019" p="14.6926" ndum="11" iwfix="0" wr="1" itfix="0"/>
            <StatePoint2 otherEndLocalSP="4" ipfix="0" pr="14.69" w="1" t="116.24" iffix="0" ksub="10" hr="42.8" tr="121.97" link="1" localInd="2" fr="26.455" icfix="0" f="26.4555" cr="0.019" c="0.019" otherEndUnit="2" p="14.6926" ndum="8" iwfix="0" wr="1" itfix="1"/>
            <StatePoint3 otherEndLocalSP="2" ipfix="0" pr="14.69" w="1" t="128.642" iffix="0" ksub="10" hr="58.26" tr="136.62" link="1" localInd="3" fr="26.455" icfix="2" f="26.4555" cr="0.0295" c="0.0266" otherEndUnit="2" p="14.6926" ndum="6" iwfix="0" wr="1" itfix="1"/>
            <StatePoint4 ipfix="0" pr="14.69" w="1" t="98.798" iffix="0" ksub="10" hr="49.32" tr="101.31" link="0" localInd="4" fr="26.455" icfix="2" f="26.4555" cr="0.0295" c="0.0266" p="14.6926" ndum="12" iwfix="0" wr="1" itfix="1"/>
        </Unit4>
        <Unit5 insideMerged="F" cat="44.9" devl="0" ua="31.59" ipinch="0" idunit="33" ntum="1" xCoord="-246.814" nIter="100" iht="1" ntut="1" ntu="0.7" icop="0" rotation="2" ipinchr="0" mrate="0" ht="31.5933" lmtd="14.72" devg="0" yCoord="-25.9154" humeff="0" eff="0.457" wetness="1" nu="5" ntua="1" usp="4" horizontalFlip="-1" verticalFlip="1" le="1" htr="465.09">
            <ResultCoord res2="-1,-96" res3="158,156" res1="-62,-102" resComp="-84,185" res0="-65,123"/>
            <StatePoint1 ipfix="0" pr="0" w="0" t="77" iffix="0" ksub="3" hr="45.06" tr="77" link="0" localInd="1" fr="66.139" icfix="0" f="66.1387" cr="0" c="0" p="0" ndum="13" iwfix="0" wr="0" itfix="0"/>
            <StatePoint2 ipfix="0" pr="0" w="0" t="88.466" iffix="0" ksub="3" hr="52.09" tr="84.04" link="0" localInd="2" fr="66.139" icfix="0" f="66.1387" cr="0" c="0" p="0" ndum="14" iwfix="0" wr="0" itfix="1"/>
            <StatePoint3 otherEndLocalSP="4" ipfix="0" pr="0" w="0" t="115.43" iffix="0" ksub="9" hr="66.23" tr="100.75" link="1" localInd="3" fr="66.139" icfix="4" f="66.1387" cr="38.8625" c="37.14" otherEndUnit="3" p="0" ndum="10" iwfix="0" wr="0" itfix="1"/>
            <StatePoint4 otherEndLocalSP="1" ipfix="0" pr="0" w="0" t="98.132" iffix="0" ksub="9" hr="59.2" tr="89.9" link="1" localInd="4" fr="66.139" icfix="4" f="66.1387" cr="38.8625" c="37.14" otherEndUnit="1" p="0" ndum="1" iwfix="0" wr="0" itfix="1"/>
        </Unit5>
        <Unit6 insideMerged="F" cat="48.62" devl="0" ua="31.59" ipinch="0" idunit="33" ntum="1" xCoord="37.6053" nIter="100" iht="1" ntut="1" ntu="0.7" icop="0" rotation="0" ipinchr="0" mrate="0" ht="31.5933" lmtd="18.94" devg="0" yCoord="14.322" humeff="0" eff="0.455" wetness="1" nu="6" ntua="1" usp="4" horizontalFlip="1" verticalFlip="1" le="1" htr="598.39">
            <ResultCoord res2="0,-126" res3="15,94" res1="-103,-117" resComp="-58,-179" res0="-55,50"/>
            <StatePoint1 otherEndLocalSP="2" ipfix="0" pr="0" w="0" t="111.596" iffix="2" ksub="9" hr="83.15" tr="127.49" link="1" localInd="1" fr="66.418" icfix="3" f="66.3371" cr="38.6993" c="37.02" otherEndUnit="3" p="0" ndum="9" iwfix="0" wr="0" itfix="1"/>
            <StatePoint2 otherEndLocalSP="1" ipfix="0" pr="0" w="0" t="132.404" iffix="2" ksub="9" hr="92.16" tr="141.38" link="1" localInd="2" fr="66.418" icfix="3" f="66.3371" cr="38.6993" c="37.02" otherEndUnit="2" p="0" ndum="5" iwfix="0" wr="0" itfix="1"/>
            <StatePoint3 ipfix="0" pr="0" w="0" t="158" iffix="0" ksub="3" hr="125.97" tr="158" link="0" localInd="3" fr="66.139" icfix="0" f="66.1387" cr="0" c="0" p="0" ndum="15" iwfix="0" wr="0" itfix="0"/>
            <StatePoint4 ipfix="0" pr="0" w="0" t="144.176" iffix="0" ksub="3" hr="116.92" tr="148.96" link="0" localInd="4" fr="66.139" icfix="0" f="66.1387" cr="0" c="0" p="0" ndum="16" iwfix="0" wr="0" itfix="1"/>
        </Unit6>
    </CaseData>
    <TableData>
        <Tsrc uaUnit="0" pUnit="2" tUnit="1" fUnit="0" qUnit="2" runs="7" hUnit="0">
            <Run No.="0">
                <Input type="sp">
                    <index>6 3</index>
                    <parameter>T</parameter>
                    <value>60</value>
                </Input>
                <Output type="unit">
                    <index>6</index>
                    <parameter>HT</parameter>
                    <value>13.4027</value>
                </Output>
                <Output type="sp">
                    <index>2 3</index>
                    <parameter>C</parameter>
                    <value>32.9838</value>
                </Output>
                <Output type="sp">
                    <index>1 1</index>
                    <parameter>T</parameter>
                    <value>35.2167</value>
                </Output>
                <Output type="sp">
                    <index>1 1</index>
                    <parameter>C</parameter>
                    <value>32.9838</value>
                </Output>
                <Output type="sp">
                    <index>1 2</index>
                    <parameter>T</parameter>
                    <value>34.7778</value>
                </Output>
                <Output type="sp">
                    <index>1 2</index>
                    <parameter>C</parameter>
                    <value>0.0136</value>
                </Output>
                <Output type="unit">
                    <index>3</index>
                    <parameter>HT</parameter>
                    <value>3.32026</value>
                </Output>
            </Run>
            <Run No.="1">
                <Input type="sp">
                    <index>6 3</index>
                    <parameter>T</parameter>
                    <value>65</value>
                </Input>
                <Output type="unit">
                    <index>6</index>
                    <parameter>HT</parameter>
                    <value>15.3227</value>
                </Output>
                <Output type="sp">
                    <index>2 3</index>
                    <parameter>C</parameter>
                    <value>34.9463</value>
                </Output>
                <Output type="sp">
                    <index>1 1</index>
                    <parameter>T</parameter>
                    <value>36.4722</value>
                </Output>
                <Output type="sp">
                    <index>1 1</index>
                    <parameter>C</parameter>
                    <value>34.9463</value>
                </Output>
                <Output type="sp">
                    <index>1 2</index>
                    <parameter>T</parameter>
                    <value>35.8889</value>
                </Output>
                <Output type="sp">
                    <index>1 2</index>
                    <parameter>C</parameter>
                    <value>0.0128</value>
                </Output>
                <Output type="unit">
                    <index>3</index>
                    <parameter>HT</parameter>
                    <value>3.84214</value>
                </Output>
            </Run>
            <Run No.="2">
                <Input type="sp">
                    <index>6 3</index>
                    <parameter>T</parameter>
                    <value>70</value>
                </Input>
                <Output type="unit">
                    <index>6</index>
                    <parameter>HT</parameter>
                    <value>17.2197</value>
                </Output>
                <Output type="sp">
                    <index>2 3</index>
                    <parameter>C</parameter>
                    <value>36.8441</value>
                </Output>
                <Output type="sp">
                    <index>1 1</index>
                    <parameter>T</parameter>
                    <value>37.6889</value>
                </Output>
                <Output type="sp">
                    <index>1 1</index>
                    <parameter>C</parameter>
                    <value>36.8441</value>
                </Output>
                <Output type="sp">
                    <index>1 2</index>
                    <parameter>T</parameter>
                    <value>36.9722</value>
                </Output>
                <Output type="sp">
                    <index>1 2</index>
                    <parameter>C</parameter>
                    <value>0.0121</value>
                </Output>
                <Output type="unit">
                    <index>3</index>
                    <parameter>HT</parameter>
                    <value>4.37544</value>
                </Output>
            </Run>
            <Run No.="3">
                <Input type="sp">
                    <index>6 3</index>
                    <parameter>T</parameter>
                    <value>75</value>
                </Input>
                <Output type="unit">
                    <index>6</index>
                    <parameter>HT</parameter>
                    <value>19.0918</value>
                </Output>
                <Output type="sp">
                    <index>2 3</index>
                    <parameter>C</parameter>
                    <value>38.7116</value>
                </Output>
                <Output type="sp">
                    <index>1 1</index>
                    <parameter>T</parameter>
                    <value>38.8556</value>
                </Output>
                <Output type="sp">
                    <index>1 1</index>
                    <parameter>C</parameter>
                    <value>38.7116</value>
                </Output>
                <Output type="sp">
                    <index>1 2</index>
                    <parameter>T</parameter>
                    <value>38.0111</value>
                </Output>
                <Output type="sp">
                    <index>1 2</index>
                    <parameter>C</parameter>
                    <value>0.0113</value>
                </Output>
                <Output type="unit">
                    <index>3</index>
                    <parameter>HT</parameter>
                    <value>4.92</value>
                </Output>
            </Run>
            <Run No.="4">
                <Input type="sp">
                    <index>6 3</index>
                    <parameter>T</parameter>
                    <value>80</value>
                </Input>
                <Output type="unit">
                    <index>6</index>
                    <parameter>HT</parameter>
                    <value>20.9367</value>
                </Output>
                <Output type="sp">
                    <index>2 3</index>
                    <parameter>C</parameter>
                    <value>40.575</value>
                </Output>
                <Output type="sp">
                    <index>1 1</index>
                    <parameter>T</parameter>
                    <value>39.9778</value>
                </Output>
                <Output type="sp">
                    <index>1 1</index>
                    <parameter>C</parameter>
                    <value>40.575</value>
                </Output>
                <Output type="sp">
                    <index>1 2</index>
                    <parameter>T</parameter>
                    <value>39.0111</value>
                </Output>
                <Output type="sp">
                    <index>1 2</index>
                    <parameter>C</parameter>
                    <value>0.0105</value>
                </Output>
                <Output type="unit">
                    <index>3</index>
                    <parameter>HT</parameter>
                    <value>5.47915</value>
                </Output>
            </Run>
            <Run No.="5">
                <Input type="sp">
                    <index>6 3</index>
                    <parameter>T</parameter>
                    <value>85</value>
                </Input>
                <Output type="unit">
                    <index>6</index>
                    <parameter>HT</parameter>
                    <value>22.7521</value>
                </Output>
                <Output type="sp">
                    <index>2 3</index>
                    <parameter>C</parameter>
                    <value>42.4576</value>
                </Output>
                <Output type="sp">
                    <index>1 1</index>
                    <parameter>T</parameter>
                    <value>41.0444</value>
                </Output>
                <Output type="sp">
                    <index>1 1</index>
                    <parameter>C</parameter>
                    <value>42.4576</value>
                </Output>
                <Output type="sp">
                    <index>1 2</index>
                    <parameter>T</parameter>
                    <value>39.9667</value>
                </Output>
                <Output type="sp">
                    <index>1 2</index>
                    <parameter>C</parameter>
                    <value>0.0097</value>
                </Output>
                <Output type="unit">
                    <index>3</index>
                    <parameter>HT</parameter>
                    <value>6.05447</value>
                </Output>
            </Run>
            <Run No.="6">
                <Input type="sp">
                    <index>6 3</index>
                    <parameter>T</parameter>
                    <value>90</value>
                </Input>
                <Output type="unit">
                    <index>6</index>
                    <parameter>HT</parameter>
                    <value>24.5365</value>
                </Output>
                <Output type="sp">
                    <index>2 3</index>
                    <parameter>C</parameter>
                    <value>44.3799</value>
                </Output>
                <Output type="sp">
                    <index>1 1</index>
                    <parameter>T</parameter>
                    <value>42.0611</value>
                </Output>
                <Output type="sp">
                    <index>1 1</index>
                    <parameter>C</parameter>
                    <value>44.3799</value>
                </Output>
                <Output type="sp">
                    <index>1 2</index>
                    <parameter>T</parameter>
                    <value>40.8778</value>
                </Output>
                <Output type="sp">
                    <index>1 2</index>
                    <parameter>C</parameter>
                    <value>0.009</value>
                </Output>
                <Output type="unit">
                    <index>3</index>
                    <parameter>HT</parameter>
                    <value>6.64826</value>
                </Output>
            </Run>
            <header>Temperature
State Point#15
[℃];Heat Transfer Value
component#6
[kW];Concentration
State Point#7
[%];Temperature
State Point#1
[℃];Concentration
State Point#1
[%];Temperature
State Point#2
[℃];Concentration
State Point#2
[%];Heat Transfer Value
component#3
[kW]</header>
            <inputEntries>Temperature,State Point#15,P6 3T</inputEntries>
            <outputEntries>Heat Transfer Value,component#6,U6HT;Concentration,State Point#7,P2 3C;Temperature,State Point#1,P1 1T;Concentration,State Point#1,P1 1C;Temperature,State Point#2,P1 2T;Concentration,State Point#2,P1 2C;Heat Transfer Value,component#3,U3HT</outputEntries>
        </Tsrc>
        <TsrcCopy uaUnit="0" pUnit="2" tUnit="1" fUnit="0" qUnit="2" runs="11" hUnit="0">
            <Run No.="0">
                <Output type="unit">
                    <index>6</index>
                    <parameter>HT</parameter>
                    <value>18.5603</value>
                </Output>
                <Output type="sp">
                    <index>2 3</index>
                    <parameter>C</parameter>
                    <value>36.5295</value>
                </Output>
                <Output type="sp">
                    <index>1 1</index>
                    <parameter>T</parameter>
                    <value>38.7944</value>
                </Output>
                <Output type="sp">
                    <index>1 1</index>
                    <parameter>C</parameter>
                    <value>36.5295</value>
                </Output>
                <Output type="sp">
                    <index>1 2</index>
                    <parameter>T</parameter>
                    <value>37.8333</value>
                </Output>
                <Output type="sp">
                    <index>1 2</index>
                    <parameter>C</parameter>
                    <value>0.0129</value>
                </Output>
                <Input type="unit">
                    <index>3</index>
                    <parameter>UA</parameter>
                    <value>0.05</value>
                </Input>
                <Output type="unit">
                    <index>3</index>
                    <parameter>HT</parameter>
                    <value>0.502708</value>
                </Output>
            </Run>
            <Run No.="1">
                <Output type="unit">
                    <index>6</index>
                    <parameter>HT</parameter>
                    <value>18.3924</value>
                </Output>
                <Output type="sp">
                    <index>2 3</index>
                    <parameter>C</parameter>
                    <value>36.5671</value>
                </Output>
                <Output type="sp">
                    <index>1 1</index>
                    <parameter>T</parameter>
                    <value>38.6556</value>
                </Output>
                <Output type="sp">
                    <index>1 1</index>
                    <parameter>C</parameter>
                    <value>36.5671</value>
                </Output>
                <Output type="sp">
                    <index>1 2</index>
                    <parameter>T</parameter>
                    <value>37.7222</value>
                </Output>
                <Output type="sp">
                    <index>1 2</index>
                    <parameter>C</parameter>
                    <value>0.0128</value>
                </Output>
                <Input type="unit">
                    <index>3</index>
                    <parameter>UA</parameter>
                    <value>0.1</value>
                </Input>
                <Output type="unit">
                    <index>3</index>
                    <parameter>HT</parameter>
                    <value>0.988711</value>
                </Output>
            </Run>
            <Run No.="2">
                <Output type="unit">
                    <index>6</index>
                    <parameter>HT</parameter>
                    <value>18.072</value>
                </Output>
                <Output type="sp">
                    <index>2 3</index>
                    <parameter>C</parameter>
                    <value>36.6403</value>
                </Output>
                <Output type="sp">
                    <index>1 1</index>
                    <parameter>T</parameter>
                    <value>38.3944</value>
                </Output>
                <Output type="sp">
                    <index>1 1</index>
                    <parameter>C</parameter>
                    <value>36.6403</value>
                </Output>
                <Output type="sp">
                    <index>1 2</index>
                    <parameter>T</parameter>
                    <value>37.5167</value>
                </Output>
                <Output type="sp">
                    <index>1 2</index>
                    <parameter>C</parameter>
                    <value>0.0126</value>
                </Output>
                <Input type="unit">
                    <index>3</index>
                    <parameter>UA</parameter>
                    <value>0.2</value>
                </Input>
                <Output type="unit">
                    <index>3</index>
                    <parameter>HT</parameter>
                    <value>1.91518</value>
                </Output>
            </Run>
            <Run No.="3">
                <Output type="unit">
                    <index>6</index>
                    <parameter>HT</parameter>
                    <value>17.4873</value>
                </Output>
                <Output type="sp">
                    <index>2 3</index>
                    <parameter>C</parameter>
                    <value>36.7788</value>
                </Output>
                <Output type="sp">
                    <index>1 1</index>
                    <parameter>T</parameter>
                    <value>37.9111</value>
                </Output>
                <Output type="sp">
                    <index>1 1</index>
                    <parameter>C</parameter>
                    <value>36.7788</value>
                </Output>
                <Output type="sp">
                    <index>1 2</index>
                    <parameter>T</parameter>
                    <value>37.1389</value>
                </Output>
                <Output type="sp">
                    <index>1 2</index>
                    <parameter>C</parameter>
                    <value>0.0122</value>
                </Output>
                <Input type="unit">
                    <index>3</index>
                    <parameter>UA</parameter>
                    <value>0.4</value>
                </Input>
                <Output type="unit">
                    <index>3</index>
                    <parameter>HT</parameter>
                    <value>3.60353</value>
                </Output>
            </Run>
            <Run No.="4">
                <Output type="unit">
                    <index>6</index>
                    <parameter>HT</parameter>
                    <value>16.5009</value>
                </Output>
                <Output type="sp">
                    <index>2 3</index>
                    <parameter>C</parameter>
                    <value>37.0266</value>
                </Output>
                <Output type="sp">
                    <index>1 1</index>
                    <parameter>T</parameter>
                    <value>37.0944</value>
                </Output>
                <Output type="sp">
                    <index>1 1</index>
                    <parameter>C</parameter>
                    <value>37.0266</value>
                </Output>
                <Output type="sp">
                    <index>1 2</index>
                    <parameter>T</parameter>
                    <value>36.5056</value>
                </Output>
                <Output type="sp">
                    <index>1 2</index>
                    <parameter>C</parameter>
                    <value>0.0116</value>
                </Output>
                <Input type="unit">
                    <index>3</index>
                    <parameter>UA</parameter>
                    <value>0.8</value>
                </Input>
                <Output type="unit">
                    <index>3</index>
                    <parameter>HT</parameter>
                    <value>6.44482</value>
                </Output>
            </Run>
            <Run No.="5">
                <Output type="unit">
                    <index>6</index>
                    <parameter>HT</parameter>
                    <value>15.0385</value>
                </Output>
                <Output type="sp">
                    <index>2 3</index>
                    <parameter>C</parameter>
                    <value>37.4253</value>
                </Output>
                <Output type="sp">
                    <index>1 1</index>
                    <parameter>T</parameter>
                    <value>35.8833</value>
                </Output>
                <Output type="sp">
                    <index>1 1</index>
                    <parameter>C</parameter>
                    <value>37.4253</value>
                </Output>
                <Output type="sp">
                    <index>1 2</index>
                    <parameter>T</parameter>
                    <value>35.5611</value>
                </Output>
                <Output type="sp">
                    <index>1 2</index>
                    <parameter>C</parameter>
                    <value>0.0108</value>
                </Output>
                <Input type="unit">
                    <index>3</index>
                    <parameter>UA</parameter>
                    <value>1.6</value>
                </Input>
                <Output type="unit">
                    <index>3</index>
                    <parameter>HT</parameter>
                    <value>10.6388</value>
                </Output>
            </Run>
            <Run No.="6">
                <Output type="unit">
                    <index>6</index>
                    <parameter>HT</parameter>
                    <value>13.2381</value>
                </Output>
                <Output type="sp">
                    <index>2 3</index>
                    <parameter>C</parameter>
                    <value>37.9633</value>
                </Output>
                <Output type="sp">
                    <index>1 1</index>
                    <parameter>T</parameter>
                    <value>34.4</value>
                </Output>
                <Output type="sp">
                    <index>1 1</index>
                    <parameter>C</parameter>
                    <value>37.9633</value>
                </Output>
                <Output type="sp">
                    <index>1 2</index>
                    <parameter>T</parameter>
                    <value>34.4</value>
                </Output>
                <Output type="sp">
                    <index>1 2</index>
                    <parameter>C</parameter>
                    <value>0.0098</value>
                </Output>
                <Input type="unit">
                    <index>3</index>
                    <parameter>UA</parameter>
                    <value>3.2</value>
                </Input>
                <Output type="unit">
                    <index>3</index>
                    <parameter>HT</parameter>
                    <value>15.7654</value>
                </Output>
            </Run>
            <Run No.="7">
                <Input type="unit">
                    <index>3</index>
                    <parameter>UA</parameter>
                    <value>6.4</value>
                </Input>
                <Output type="unit">
                    <index>6</index>
                    <parameter>HT</parameter>
                    <value>11.4707</value>
                </Output>
                <Output type="sp">
                    <index>2 3</index>
                    <parameter>C</parameter>
                    <value>38.5372</value>
                </Output>
                <Output type="sp">
                    <index>1 1</index>
                    <parameter>T</parameter>
                    <value>32.9444</value>
                </Output>
                <Output type="sp">
                    <index>1 1</index>
                    <parameter>C</parameter>
                    <value>38.5372</value>
                </Output>
                <Output type="sp">
                    <index>1 2</index>
                    <parameter>T</parameter>
                    <value>33.2556</value>
                </Output>
                <Output type="sp">
                    <index>1 2</index>
                    <parameter>C</parameter>
                    <value>0.0089</value>
                </Output>
                <Output type="unit">
                    <index>3</index>
                    <parameter>HT</parameter>
                    <value>20.7531</value>
                </Output>
            </Run>
            <Run No.="9">
                <Input type="unit">
                    <index>3</index>
                    <parameter>UA</parameter>
                    <value>12.8</value>
                </Input>
                <Output type="unit">
                    <index>6</index>
                    <parameter>HT</parameter>
                    <value>10.083</value>
                </Output>
                <Output type="sp">
                    <index>2 3</index>
                    <parameter>C</parameter>
                    <value>39.0166</value>
                </Output>
                <Output type="sp">
                    <index>1 1</index>
                    <parameter>T</parameter>
                    <value>31.8111</value>
                </Output>
                <Output type="sp">
                    <index>1 1</index>
                    <parameter>C</parameter>
                    <value>39.0166</value>
                </Output>
                <Output type="sp">
                    <index>1 2</index>
                    <parameter>T</parameter>
                    <value>32.3611</value>
                </Output>
                <Output type="sp">
                    <index>1 2</index>
                    <parameter>C</parameter>
                    <value>0.0083</value>
                </Output>
                <Output type="unit">
                    <index>3</index>
                    <parameter>HT</parameter>
                    <value>24.6318</value>
                </Output>
            </Run>
            <Run No.="9">
                <Input type="unit">
                    <index>3</index>
                    <parameter>UA</parameter>
                    <value>25.6</value>
                </Input>
                <Output type="unit">
                    <index>6</index>
                    <parameter>HT</parameter>
                    <value>9.17235</value>
                </Output>
                <Output type="sp">
                    <index>2 3</index>
                    <parameter>C</parameter>
                    <value>39.345</value>
                </Output>
                <Output type="sp">
                    <index>1 1</index>
                    <parameter>T</parameter>
                    <value>31.0667</value>
                </Output>
                <Output type="sp">
                    <index>1 1</index>
                    <parameter>C</parameter>
                    <value>39.345</value>
                </Output>
                <Output type="sp">
                    <index>1 2</index>
                    <parameter>T</parameter>
                    <value>31.7667</value>
                </Output>
                <Output type="sp">
                    <index>1 2</index>
                    <parameter>C</parameter>
                    <value>0.0079</value>
                </Output>
                <Output type="unit">
                    <index>3</index>
                    <parameter>HT</parameter>
                    <value>27.1566</value>
                </Output>
            </Run>
            <Run No.="11">
                <Input type="unit">
                    <index>3</index>
                    <parameter>UA</parameter>
                    <value>51.2</value>
                </Input>
                <Output type="unit">
                    <index>6</index>
                    <parameter>HT</parameter>
                    <value>8.64415</value>
                </Output>
                <Output type="sp">
                    <index>2 3</index>
                    <parameter>C</parameter>
                    <value>39.5394</value>
                </Output>
                <Output type="sp">
                    <index>1 1</index>
                    <parameter>T</parameter>
                    <value>30.6333</value>
                </Output>
                <Output type="sp">
                    <index>1 1</index>
                    <parameter>C</parameter>
                    <value>39.5394</value>
                </Output>
                <Output type="sp">
                    <index>1 2</index>
                    <parameter>T</parameter>
                    <value>31.4278</value>
                </Output>
                <Output type="sp">
                    <index>1 2</index>
                    <parameter>C</parameter>
                    <value>0.0076</value>
                </Output>
                <Output type="unit">
                    <index>3</index>
                    <parameter>HT</parameter>
                    <value>28.6141</value>
                </Output>
            </Run>
            <header>UA Value
component#3
[kW/℃];Heat Transfer Value
component#6
[kW];Concentration
State Point#7
[%];Temperature
State Point#1
[℃];Concentration
State Point#1
[%];Temperature
State Point#2
[℃];Concentration
State Point#2
[%];Heat Transfer Value
component#3
[kW]</header>
            <inputEntries>UA Value,component#3,U3UA</inputEntries>
            <outputEntries>Heat Transfer Value,component#6,U6HT;Concentration,State Point#7,P2 3C;Temperature,State Point#1,P1 1T;Concentration,State Point#1,P1 1C;Temperature,State Point#2,P1 2T;Concentration,State Point#2,P1 2C;Heat Transfer Value,component#3,U3HT</outputEntries>
        </TsrcCopy>
    </TableData>
    <PlotData/>
    <plotData>
        <plot_1 xAxisName="TemperatureState Point#21[℃]" yAxisName="ConcentrationState Point#7[%],ConcentrationState Point#3[%]" outputIndex="2,3" scaleInfo="0,0,0,0,0,0,0,0" plotType="parametric" outputs="2" runs="10" tableName="table_1" inputIndex="0">
            <Run No.="0">
                <Input name="TemperatureState Point#21[℃]">
                    <value>60</value>
                </Input>
                <Output name="ConcentrationState Point#7[%]">
                    <value>36.8533</value>
                </Output>
                <Output name="ConcentrationState Point#3[%]">
                    <value>36.065</value>
                </Output>
            </Run>
            <Run No.="1">
                <Input name="TemperatureState Point#21[℃]">
                    <value>63.33</value>
                </Input>
                <Output name="ConcentrationState Point#7[%]">
                    <value>38.4328</value>
                </Output>
                <Output name="ConcentrationState Point#3[%]">
                    <value>37.5406</value>
                </Output>
            </Run>
            <Run No.="2">
                <Input name="TemperatureState Point#21[℃]">
                    <value>66.67</value>
                </Input>
                <Output name="ConcentrationState Point#7[%]">
                    <value>40.019</value>
                </Output>
                <Output name="ConcentrationState Point#3[%]">
                    <value>39.0224</value>
                </Output>
            </Run>
            <Run No.="3">
                <Input name="TemperatureState Point#21[℃]">
                    <value>70</value>
                </Input>
                <Output name="ConcentrationState Point#7[%]">
                    <value>41.6111</value>
                </Output>
                <Output name="ConcentrationState Point#3[%]">
                    <value>40.5084</value>
                </Output>
            </Run>
            <Run No.="4">
                <Input name="TemperatureState Point#21[℃]">
                    <value>73.33</value>
                </Input>
                <Output name="ConcentrationState Point#7[%]">
                    <value>43.2247</value>
                </Output>
                <Output name="ConcentrationState Point#3[%]">
                    <value>42.0151</value>
                </Output>
            </Run>
            <Run No.="5">
                <Input name="TemperatureState Point#21[℃]">
                    <value>76.67</value>
                </Input>
                <Output name="ConcentrationState Point#7[%]">
                    <value>44.874</value>
                </Output>
                <Output name="ConcentrationState Point#3[%]">
                    <value>43.5563</value>
                </Output>
            </Run>
            <Run No.="6">
                <Input name="TemperatureState Point#21[℃]">
                    <value>80</value>
                </Input>
                <Output name="ConcentrationState Point#7[%]">
                    <value>46.5582</value>
                </Output>
                <Output name="ConcentrationState Point#3[%]">
                    <value>45.1319</value>
                </Output>
            </Run>
            <Run No.="7">
                <Input name="TemperatureState Point#21[℃]">
                    <value>83.33</value>
                </Input>
                <Output name="ConcentrationState Point#7[%]">
                    <value>48.2908</value>
                </Output>
                <Output name="ConcentrationState Point#3[%]">
                    <value>46.7551</value>
                </Output>
            </Run>
            <Run No.="8">
                <Input name="TemperatureState Point#21[℃]">
                    <value>86.67</value>
                </Input>
                <Output name="ConcentrationState Point#7[%]">
                    <value>50.0858</value>
                </Output>
                <Output name="ConcentrationState Point#3[%]">
                    <value>48.4396</value>
                </Output>
            </Run>
            <Run No.="9">
                <Input name="TemperatureState Point#21[℃]">
                    <value>90</value>
                </Input>
                <Output name="ConcentrationState Point#7[%]">
                    <value>51.941</value>
                </Output>
                <Output name="ConcentrationState Point#3[%]">
                    <value>50.1837</value>
                </Output>
            </Run>
        </plot_1>
        <plot_2 xAxisName="TemperatureState Point#21[℃]" yAxisName="Heat Transfer Valuecomponent#10[kW]" outputIndex="1" scaleInfo="0,0,0,0,0,0,0,0" plotType="parametric" outputs="1" runs="10" tableName="table_1" inputIndex="0">
            <Run No.="0">
                <Input name="TemperatureState Point#21[℃]">
                    <value>60</value>
                </Input>
                <Output name="Heat Transfer Valuecomponent#10[kW]">
                    <value>4.3204</value>
                </Output>
            </Run>
            <Run No.="1">
                <Input name="TemperatureState Point#21[℃]">
                    <value>63.33</value>
                </Input>
                <Output name="Heat Transfer Valuecomponent#10[kW]">
                    <value>4.74504</value>
                </Output>
            </Run>
            <Run No.="2">
                <Input name="TemperatureState Point#21[℃]">
                    <value>66.67</value>
                </Input>
                <Output name="Heat Transfer Valuecomponent#10[kW]">
                    <value>5.15667</value>
                </Output>
            </Run>
            <Run No.="3">
                <Input name="TemperatureState Point#21[℃]">
                    <value>70</value>
                </Input>
                <Output name="Heat Transfer Valuecomponent#10[kW]">
                    <value>5.55212</value>
                </Output>
            </Run>
            <Run No.="4">
                <Input name="TemperatureState Point#21[℃]">
                    <value>73.33</value>
                </Input>
                <Output name="Heat Transfer Valuecomponent#10[kW]">
                    <value>5.93139</value>
                </Output>
            </Run>
            <Run No.="5">
                <Input name="TemperatureState Point#21[℃]">
                    <value>76.67</value>
                </Input>
                <Output name="Heat Transfer Valuecomponent#10[kW]">
                    <value>6.29466</value>
                </Output>
            </Run>
            <Run No.="6">
                <Input name="TemperatureState Point#21[℃]">
                    <value>80</value>
                </Input>
                <Output name="Heat Transfer Valuecomponent#10[kW]">
                    <value>6.63859</value>
                </Output>
            </Run>
            <Run No.="7">
                <Input name="TemperatureState Point#21[℃]">
                    <value>83.33</value>
                </Input>
                <Output name="Heat Transfer Valuecomponent#10[kW]">
                    <value>6.96283</value>
                </Output>
            </Run>
            <Run No.="8">
                <Input name="TemperatureState Point#21[℃]">
                    <value>86.67</value>
                </Input>
                <Output name="Heat Transfer Valuecomponent#10[kW]">
                    <value>7.26702</value>
                </Output>
            </Run>
            <Run No.="9">
                <Input name="TemperatureState Point#21[℃]">
                    <value>90</value>
                </Input>
                <Output name="Heat Transfer Valuecomponent#10[kW]">
                    <value>7.5473</value>
                </Output>
            </Run>
        </plot_2>
        <plot_3 xAxisName="TemperatureState Point#21[℃]" yAxisName="Moisture Removal Ratecomponent#1[kg/s]" outputIndex="5" scaleInfo="0,0,0,0,0,0,0,0" plotType="parametric" outputs="1" runs="10" tableName="table_1" inputIndex="0">
            <Run No.="0">
                <Input name="TemperatureState Point#21[℃]">
                    <value>60</value>
                </Input>
                <Output name="Moisture Removal Ratecomponent#1[kg/s]">
                    <value>0.00102929</value>
                </Output>
            </Run>
            <Run No.="1">
                <Input name="TemperatureState Point#21[℃]">
                    <value>63.33</value>
                </Input>
                <Output name="Moisture Removal Ratecomponent#1[kg/s]">
                    <value>0.00111895</value>
                </Output>
            </Run>
            <Run No.="2">
                <Input name="TemperatureState Point#21[℃]">
                    <value>66.67</value>
                </Input>
                <Output name="Moisture Removal Ratecomponent#1[kg/s]">
                    <value>0.00120333</value>
                </Output>
            </Run>
            <Run No.="3">
                <Input name="TemperatureState Point#21[℃]">
                    <value>70</value>
                </Input>
                <Output name="Moisture Removal Ratecomponent#1[kg/s]">
                    <value>0.00128232</value>
                </Output>
            </Run>
            <Run No.="4">
                <Input name="TemperatureState Point#21[℃]">
                    <value>73.33</value>
                </Input>
                <Output name="Moisture Removal Ratecomponent#1[kg/s]">
                    <value>0.001356</value>
                </Output>
            </Run>
            <Run No.="5">
                <Input name="TemperatureState Point#21[℃]">
                    <value>76.67</value>
                </Input>
                <Output name="Moisture Removal Ratecomponent#1[kg/s]">
                    <value>0.00142466</value>
                </Output>
            </Run>
            <Run No.="6">
                <Input name="TemperatureState Point#21[℃]">
                    <value>80</value>
                </Input>
                <Output name="Moisture Removal Ratecomponent#1[kg/s]">
                    <value>0.00148793</value>
                </Output>
            </Run>
            <Run No.="7">
                <Input name="TemperatureState Point#21[℃]">
                    <value>83.33</value>
                </Input>
                <Output name="Moisture Removal Ratecomponent#1[kg/s]">
                    <value>0.00154611</value>
                </Output>
            </Run>
            <Run No.="8">
                <Input name="TemperatureState Point#21[℃]">
                    <value>86.67</value>
                </Input>
                <Output name="Moisture Removal Ratecomponent#1[kg/s]">
                    <value>0.00159945</value>
                </Output>
            </Run>
            <Run No.="9">
                <Input name="TemperatureState Point#21[℃]">
                    <value>90</value>
                </Input>
                <Output name="Moisture Removal Ratecomponent#1[kg/s]">
                    <value>0.00164773</value>
                </Output>
            </Run>
        </plot_3>
        <plot_4 xAxisName="NTU component#1[ ]" yAxisName="TemperatureState Point#2[℃]" outputIndex="1" scaleInfo="0,0,0,0,0,0,0,0" plotType="parametric" outputs="1" runs="19" tableName="table_2" inputIndex="0">
            <Run No.="0">
                <Input name="NTU component#1[ ]">
                    <value>0.5</value>
                </Input>
                <Output name="TemperatureState Point#2[℃]">
                    <value>31.2444</value>
                </Output>
            </Run>
            <Run No.="1">
                <Input name="NTU component#1[ ]">
                    <value>0.7368</value>
                </Input>
                <Output name="TemperatureState Point#2[℃]">
                    <value>31.8722</value>
                </Output>
            </Run>
            <Run No.="2">
                <Input name="NTU component#1[ ]">
                    <value>0.9737</value>
                </Input>
                <Output name="TemperatureState Point#2[℃]">
                    <value>32.3944</value>
                </Output>
            </Run>
            <Run No.="3">
                <Input name="NTU component#1[ ]">
                    <value>1.211</value>
                </Input>
                <Output name="TemperatureState Point#2[℃]">
                    <value>32.8167</value>
                </Output>
            </Run>
            <Run No.="4">
                <Input name="NTU component#1[ ]">
                    <value>1.447</value>
                </Input>
                <Output name="TemperatureState Point#2[℃]">
                    <value>33.1444</value>
                </Output>
            </Run>
            <Run No.="5">
                <Input name="NTU component#1[ ]">
                    <value>1.684</value>
                </Input>
                <Output name="TemperatureState Point#2[℃]">
                    <value>33.4056</value>
                </Output>
            </Run>
            <Run No.="6">
                <Input name="NTU component#1[ ]">
                    <value>1.921</value>
                </Input>
                <Output name="TemperatureState Point#2[℃]">
                    <value>33.6</value>
                </Output>
            </Run>
            <Run No.="7">
                <Input name="NTU component#1[ ]">
                    <value>2.158</value>
                </Input>
                <Output name="TemperatureState Point#2[℃]">
                    <value>33.7556</value>
                </Output>
            </Run>
            <Run No.="8">
                <Input name="NTU component#1[ ]">
                    <value>2.395</value>
                </Input>
                <Output name="TemperatureState Point#2[℃]">
                    <value>33.8722</value>
                </Output>
            </Run>
            <Run No.="9">
                <Input name="NTU component#1[ ]">
                    <value>2.632</value>
                </Input>
                <Output name="TemperatureState Point#2[℃]">
                    <value>33.9556</value>
                </Output>
            </Run>
            <Run No.="10">
                <Input name="NTU component#1[ ]">
                    <value>2.868</value>
                </Input>
                <Output name="TemperatureState Point#2[℃]">
                    <value>34.0222</value>
                </Output>
            </Run>
            <Run No.="11">
                <Input name="NTU component#1[ ]">
                    <value>3.105</value>
                </Input>
                <Output name="TemperatureState Point#2[℃]">
                    <value>34.0722</value>
                </Output>
            </Run>
            <Run No.="12">
                <Input name="NTU component#1[ ]">
                    <value>3.342</value>
                </Input>
                <Output name="TemperatureState Point#2[℃]">
                    <value>34.1111</value>
                </Output>
            </Run>
            <Run No.="13">
                <Input name="NTU component#1[ ]">
                    <value>3.579</value>
                </Input>
                <Output name="TemperatureState Point#2[℃]">
                    <value>34.1389</value>
                </Output>
            </Run>
            <Run No.="14">
                <Input name="NTU component#1[ ]">
                    <value>3.816</value>
                </Input>
                <Output name="TemperatureState Point#2[℃]">
                    <value>34.1556</value>
                </Output>
            </Run>
            <Run No.="15">
                <Input name="NTU component#1[ ]">
                    <value>4.053</value>
                </Input>
                <Output name="TemperatureState Point#2[℃]">
                    <value>34.1722</value>
                </Output>
            </Run>
            <Run No.="16">
                <Input name="NTU component#1[ ]">
                    <value>4.289</value>
                </Input>
                <Output name="TemperatureState Point#2[℃]">
                    <value>34.1778</value>
                </Output>
            </Run>
            <Run No.="17">
                <Input name="NTU component#1[ ]">
                    <value>4.526</value>
                </Input>
                <Output name="TemperatureState Point#2[℃]">
                    <value>34.1889</value>
                </Output>
            </Run>
            <Run No.="18">
                <Input name="NTU component#1[ ]">
                    <value>4.763</value>
                </Input>
                <Output name="TemperatureState Point#2[℃]">
                    <value>34.1944</value>
                </Output>
            </Run>
        </plot_4>
        <plot_5 xAxisName="NTU component#1[ ]" yAxisName="ConcentrationState Point#2[%]" outputIndex="2" scaleInfo="0,0,0,0,0,0,0,0" plotType="parametric" outputs="1" runs="19" tableName="table_2" inputIndex="0">
            <Run No.="0">
                <Input name="NTU component#1[ ]">
                    <value>0.5</value>
                </Input>
                <Output name="ConcentrationState Point#2[%]">
                    <value>0.0138</value>
                </Output>
            </Run>
            <Run No.="1">
                <Input name="NTU component#1[ ]">
                    <value>0.7368</value>
                </Input>
                <Output name="ConcentrationState Point#2[%]">
                    <value>0.0126</value>
                </Output>
            </Run>
            <Run No.="2">
                <Input name="NTU component#1[ ]">
                    <value>0.9737</value>
                </Input>
                <Output name="ConcentrationState Point#2[%]">
                    <value>0.0118</value>
                </Output>
            </Run>
            <Run No.="3">
                <Input name="NTU component#1[ ]">
                    <value>1.211</value>
                </Input>
                <Output name="ConcentrationState Point#2[%]">
                    <value>0.0112</value>
                </Output>
            </Run>
            <Run No.="4">
                <Input name="NTU component#1[ ]">
                    <value>1.447</value>
                </Input>
                <Output name="ConcentrationState Point#2[%]">
                    <value>0.0108</value>
                </Output>
            </Run>
            <Run No.="5">
                <Input name="NTU component#1[ ]">
                    <value>1.684</value>
                </Input>
                <Output name="ConcentrationState Point#2[%]">
                    <value>0.0105</value>
                </Output>
            </Run>
            <Run No.="6">
                <Input name="NTU component#1[ ]">
                    <value>1.921</value>
                </Input>
                <Output name="ConcentrationState Point#2[%]">
                    <value>0.0102</value>
                </Output>
            </Run>
            <Run No.="7">
                <Input name="NTU component#1[ ]">
                    <value>2.158</value>
                </Input>
                <Output name="ConcentrationState Point#2[%]">
                    <value>0.01</value>
                </Output>
            </Run>
            <Run No.="8">
                <Input name="NTU component#1[ ]">
                    <value>2.395</value>
                </Input>
                <Output name="ConcentrationState Point#2[%]">
                    <value>0.0099</value>
                </Output>
            </Run>
            <Run No.="9">
                <Input name="NTU component#1[ ]">
                    <value>2.632</value>
                </Input>
                <Output name="ConcentrationState Point#2[%]">
                    <value>0.0098</value>
                </Output>
            </Run>
            <Run No.="10">
                <Input name="NTU component#1[ ]">
                    <value>2.868</value>
                </Input>
                <Output name="ConcentrationState Point#2[%]">
                    <value>0.0097</value>
                </Output>
            </Run>
            <Run No.="11">
                <Input name="NTU component#1[ ]">
                    <value>3.105</value>
                </Input>
                <Output name="ConcentrationState Point#2[%]">
                    <value>0.0096</value>
                </Output>
            </Run>
            <Run No.="12">
                <Input name="NTU component#1[ ]">
                    <value>3.342</value>
                </Input>
                <Output name="ConcentrationState Point#2[%]">
                    <value>0.0096</value>
                </Output>
            </Run>
            <Run No.="13">
                <Input name="NTU component#1[ ]">
                    <value>3.579</value>
                </Input>
                <Output name="ConcentrationState Point#2[%]">
                    <value>0.0095</value>
                </Output>
            </Run>
            <Run No.="14">
                <Input name="NTU component#1[ ]">
                    <value>3.816</value>
                </Input>
                <Output name="ConcentrationState Point#2[%]">
                    <value>0.0095</value>
                </Output>
            </Run>
            <Run No.="15">
                <Input name="NTU component#1[ ]">
                    <value>4.053</value>
                </Input>
                <Output name="ConcentrationState Point#2[%]">
                    <value>0.0095</value>
                </Output>
            </Run>
            <Run No.="16">
                <Input name="NTU component#1[ ]">
                    <value>4.289</value>
                </Input>
                <Output name="ConcentrationState Point#2[%]">
                    <value>0.0094</value>
                </Output>
            </Run>
            <Run No.="17">
                <Input name="NTU component#1[ ]">
                    <value>4.526</value>
                </Input>
                <Output name="ConcentrationState Point#2[%]">
                    <value>0.0094</value>
                </Output>
            </Run>
            <Run No.="18">
                <Input name="NTU component#1[ ]">
                    <value>4.763</value>
                </Input>
                <Output name="ConcentrationState Point#2[%]">
                    <value>0.0094</value>
                </Output>
            </Run>
        </plot_5>
        <plot_6 xAxisName="NTU component#1[ ]" yAxisName="TemperatureState Point#2[℃],TemperatureState Point#3[℃]" outputIndex="1,3" scaleInfo="0,0,0,0,0,0,0,0" plotType="parametric" outputs="2" runs="19" tableName="table_2" inputIndex="0">
            <Run No.="0">
                <Input name="NTU component#1[ ]">
                    <value>0.5</value>
                </Input>
                <Output name="TemperatureState Point#2[℃]">
                    <value>34.4389</value>
                </Output>
                <Output name="TemperatureState Point#3[℃]">
                    <value>34.1667</value>
                </Output>
            </Run>
            <Run No.="1">
                <Input name="NTU component#1[ ]">
                    <value>0.7368</value>
                </Input>
                <Output name="TemperatureState Point#2[℃]">
                    <value>34.5222</value>
                </Output>
                <Output name="TemperatureState Point#3[℃]">
                    <value>34.8278</value>
                </Output>
            </Run>
            <Run No.="2">
                <Input name="NTU component#1[ ]">
                    <value>0.9737</value>
                </Input>
                <Output name="TemperatureState Point#2[℃]">
                    <value>34.6222</value>
                </Output>
                <Output name="TemperatureState Point#3[℃]">
                    <value>35.2611</value>
                </Output>
            </Run>
            <Run No.="3">
                <Input name="NTU component#1[ ]">
                    <value>1.211</value>
                </Input>
                <Output name="TemperatureState Point#2[℃]">
                    <value>34.9444</value>
                </Output>
                <Output name="TemperatureState Point#3[℃]">
                    <value>35.1056</value>
                </Output>
            </Run>
            <Run No.="4">
                <Input name="NTU component#1[ ]">
                    <value>1.447</value>
                </Input>
                <Output name="TemperatureState Point#2[℃]">
                    <value>34.7833</value>
                </Output>
                <Output name="TemperatureState Point#3[℃]">
                    <value>35.7722</value>
                </Output>
            </Run>
            <Run No.="5">
                <Input name="NTU component#1[ ]">
                    <value>1.684</value>
                </Input>
                <Output name="TemperatureState Point#2[℃]">
                    <value>34.8389</value>
                </Output>
                <Output name="TemperatureState Point#3[℃]">
                    <value>35.9278</value>
                </Output>
            </Run>
            <Run No.="6">
                <Input name="NTU component#1[ ]">
                    <value>1.921</value>
                </Input>
                <Output name="TemperatureState Point#2[℃]">
                    <value>34.8778</value>
                </Output>
                <Output name="TemperatureState Point#3[℃]">
                    <value>36.05</value>
                </Output>
            </Run>
            <Run No.="7">
                <Input name="NTU component#1[ ]">
                    <value>2.158</value>
                </Input>
                <Output name="TemperatureState Point#2[℃]">
                    <value>34.9056</value>
                </Output>
                <Output name="TemperatureState Point#3[℃]">
                    <value>36.1444</value>
                </Output>
            </Run>
            <Run No.="8">
                <Input name="NTU component#1[ ]">
                    <value>2.395</value>
                </Input>
                <Output name="TemperatureState Point#2[℃]">
                    <value>34.9222</value>
                </Output>
                <Output name="TemperatureState Point#3[℃]">
                    <value>36.2167</value>
                </Output>
            </Run>
            <Run No.="9">
                <Input name="NTU component#1[ ]">
                    <value>2.632</value>
                </Input>
                <Output name="TemperatureState Point#2[℃]">
                    <value>34.9278</value>
                </Output>
                <Output name="TemperatureState Point#3[℃]">
                    <value>36.2722</value>
                </Output>
            </Run>
            <Run No.="10">
                <Input name="NTU component#1[ ]">
                    <value>2.868</value>
                </Input>
                <Output name="TemperatureState Point#2[℃]">
                    <value>34.9333</value>
                </Output>
                <Output name="TemperatureState Point#3[℃]">
                    <value>36.3167</value>
                </Output>
            </Run>
            <Run No.="11">
                <Input name="NTU component#1[ ]">
                    <value>3.105</value>
                </Input>
                <Output name="TemperatureState Point#2[℃]">
                    <value>34.9333</value>
                </Output>
                <Output name="TemperatureState Point#3[℃]">
                    <value>36.3556</value>
                </Output>
            </Run>
            <Run No.="12">
                <Input name="NTU component#1[ ]">
                    <value>3.342</value>
                </Input>
                <Output name="TemperatureState Point#2[℃]">
                    <value>34.9278</value>
                </Output>
                <Output name="TemperatureState Point#3[℃]">
                    <value>36.3833</value>
                </Output>
            </Run>
            <Run No.="13">
                <Input name="NTU component#1[ ]">
                    <value>3.579</value>
                </Input>
                <Output name="TemperatureState Point#2[℃]">
                    <value>34.9222</value>
                </Output>
                <Output name="TemperatureState Point#3[℃]">
                    <value>36.4056</value>
                </Output>
            </Run>
            <Run No.="14">
                <Input name="NTU component#1[ ]">
                    <value>3.816</value>
                </Input>
                <Output name="TemperatureState Point#2[℃]">
                    <value>34.9167</value>
                </Output>
                <Output name="TemperatureState Point#3[℃]">
                    <value>36.4278</value>
                </Output>
            </Run>
            <Run No.="15">
                <Input name="NTU component#1[ ]">
                    <value>4.053</value>
                </Input>
                <Output name="TemperatureState Point#2[℃]">
                    <value>34.9111</value>
                </Output>
                <Output name="TemperatureState Point#3[℃]">
                    <value>36.4444</value>
                </Output>
            </Run>
            <Run No.="16">
                <Input name="NTU component#1[ ]">
                    <value>4.289</value>
                </Input>
                <Output name="TemperatureState Point#2[℃]">
                    <value>34.9056</value>
                </Output>
                <Output name="TemperatureState Point#3[℃]">
                    <value>36.4611</value>
                </Output>
            </Run>
            <Run No.="17">
                <Input name="NTU component#1[ ]">
                    <value>4.526</value>
                </Input>
                <Output name="TemperatureState Point#2[℃]">
                    <value>34.8944</value>
                </Output>
                <Output name="TemperatureState Point#3[℃]">
                    <value>36.4722</value>
                </Output>
            </Run>
            <Run No.="18">
                <Input name="NTU component#1[ ]">
                    <value>4.763</value>
                </Input>
                <Output name="TemperatureState Point#2[℃]">
                    <value>34.8889</value>
                </Output>
                <Output name="TemperatureState Point#3[℃]">
                    <value>36.4778</value>
                </Output>
            </Run>
        </plot_6>
        <plot_7 xAxisName="TemperatureState Point#21[℃]" yAxisName="ConcentrationState Point#7[%],ConcentrationState Point#3[%]" outputIndex="2,3" scaleInfo="0,0,0,0,0,0,0,0" plotType="parametric" outputs="2" runs="7" tableName="table_1" inputIndex="0">
            <Run No.="0">
                <Input name="TemperatureState Point#21[℃]">
                    <value>60</value>
                </Input>
                <Output name="ConcentrationState Point#7[%]">
                    <value>36.8533</value>
                </Output>
                <Output name="ConcentrationState Point#3[%]">
                    <value>36.065</value>
                </Output>
            </Run>
            <Run No.="1">
                <Input name="TemperatureState Point#21[℃]">
                    <value>63.33</value>
                </Input>
                <Output name="ConcentrationState Point#7[%]">
                    <value>38.4328</value>
                </Output>
                <Output name="ConcentrationState Point#3[%]">
                    <value>37.5406</value>
                </Output>
            </Run>
            <Run No.="2">
                <Input name="TemperatureState Point#21[℃]">
                    <value>66.67</value>
                </Input>
                <Output name="ConcentrationState Point#7[%]">
                    <value>40.019</value>
                </Output>
                <Output name="ConcentrationState Point#3[%]">
                    <value>39.0224</value>
                </Output>
            </Run>
            <Run No.="3">
                <Input name="TemperatureState Point#21[℃]">
                    <value>70</value>
                </Input>
                <Output name="ConcentrationState Point#7[%]">
                    <value>41.6111</value>
                </Output>
                <Output name="ConcentrationState Point#3[%]">
                    <value>40.5084</value>
                </Output>
            </Run>
            <Run No.="4">
                <Input name="TemperatureState Point#21[℃]">
                    <value>73.33</value>
                </Input>
                <Output name="ConcentrationState Point#7[%]">
                    <value>43.2247</value>
                </Output>
                <Output name="ConcentrationState Point#3[%]">
                    <value>42.0151</value>
                </Output>
            </Run>
            <Run No.="5">
                <Input name="TemperatureState Point#21[℃]">
                    <value>76.67</value>
                </Input>
                <Output name="ConcentrationState Point#7[%]">
                    <value>44.874</value>
                </Output>
                <Output name="ConcentrationState Point#3[%]">
                    <value>43.5563</value>
                </Output>
            </Run>
            <Run No.="6">
                <Input name="TemperatureState Point#21[℃]">
                    <value>80</value>
                </Input>
                <Output name="ConcentrationState Point#7[%]">
                    <value>46.5582</value>
                </Output>
                <Output name="ConcentrationState Point#3[%]">
                    <value>45.1319</value>
                </Output>
            </Run>
        </plot_7>
    </plotData>
</root>
